keyword,hospital,title,description,originallink,link,pubDate,collected_at
서울아산병원,서울아산병원,[부고] 김현준(한국산업은행 노조위원장)씨 장모상,"▲ 이재순씨 별세, 이석주씨 부인상, 이용욱·이승연·이선혜씨 모친상, 이수미씨 시모상, 김현준(한국산업은행 노조위원장)·김형우씨 장모상 = 29일, 서울아산병원 장례식장 21호실, 발인 31일 오전 5시 20분.... ",https://www.yna.co.kr/view/AKR20260529177100034?input=1195m,https://n.news.naver.com/mnews/article/001/0016108557?sid=101,"Fri, 29 May 2026 23:51:00 +0900",2026-05-29 23:54:08
서울아산병원,서울아산병원,[부고] 김현준(한국산업은행 노조위원장)씨 빙모상,"▲이재순씨 별세, 이석주씨 아내상, 이용욱·승연·선혜씨 모친상, 이수미씨 시모상, 김현준(한국산업은행 노조위원장), 김형우씨 빙모상, 김하윤·시윤·서율·서진씨 외조모상 = 29일, 서울아산병원 장례식장 21호실... ",https://www.ngetnews.com/news/articleView.html?idxno=550564,https://www.ngetnews.com/news/articleView.html?idxno=550564,"Fri, 29 May 2026 23:50:00 +0900",2026-05-29 23:54:08
서울아산병원,서울아산병원,"""노쇠는 막을 수 있다""… 노인병학회, 초고령사회 의제 총집결","좌장은 이은주 서울아산병원 노년내과 교수(울산의대)다. 서울대에서 의학 석·박사를 마친 그는 2020년부터 아산병원 노년내과 교수로 재직하며 사회적 노쇠와 우울·장애의 연관성, 노인 변비와 신체 노쇠의 상관관계... ",https://kormedi.com/?p=2820483,https://n.news.naver.com/mnews/article/296/0000101021?sid=102,"Fri, 29 May 2026 23:24:00 +0900",2026-05-29 23:54:08
서울아산병원,서울아산병원,"“50세 이후 절대 먹지 마라” 의사가 경고한 ‘패혈증 위험 음식’, 뭐...",서울아산병원 응급의학과 김준성 교수가 평소 먹지 않는 음식을 공개했다. 최근 유튜브 채널 ‘건강구조대’에 출연한 김준성 교수는 ‘50대 넘어 의사들이 절대 생으로 먹지 않는 음식’으로 날음식을 꼽았다. 그는... ,https://health.chosun.com/site/data/html_dir/2026/05/29/2026052901284.html,https://n.news.naver.com/mnews/article/346/0000110633?sid=103,"Fri, 29 May 2026 22:01:00 +0900",2026-05-29 23:54:08
서울아산병원,서울아산병원,'명의' 김도훈·김용희 교수의 식도이완불능증 치료법,"서울아산병원은 식도괄약근이 위산과 음식물의 역류를 막는 역할을 한다고 설명하고 있으며, 식도 기능 이상이 생기면 음식이 위로 넘어가기 어려워질 수 있다고 밝히고 있다. ‘명의’는 역류성 식도염으로 여겨지기... ",https://www.bntnews.co.kr/article/view/bnt202605290203,https://www.bntnews.co.kr/article/view/bnt202605290203,"Fri, 29 May 2026 21:56:00 +0900",2026-05-29 23:54:08
서울아산병원,서울아산병원,[부고] 박충서(전 한국교총 사무총장)씨 모친상,"(전 청주대 교수)씨 장모상, 조정숙·이창림·김현자(두원공과대 교수)씨 시모상 =별세: 29일 오후 3시30분 =빈소: 서울아산병원 장례식장 4호실 =발인: 31일 오전 5시 =장지: 경남 산청군 선영 =연락처: 02-3010-2000",https://www.newspim.com/news/view/20260529001234,https://www.newspim.com/news/view/20260529001234,"Fri, 29 May 2026 21:44:00 +0900",2026-05-29 23:54:08
서울아산병원,서울아산병원,"지아이이노베이션, 전립선암 대상 GI-102 병용 임상 국내 승인","이번 임상은 국내에서는 연세대학교 의과대학 세브란스병원과 서울아산병원에서, 미국에서는 컬럼비아대 어빙 메디컬센터에서 진행될 예정이다. 미국 임상은 컬럼비아 의과대학 마크 스테인 교수가 주도하며... ",https://www.newsway.co.kr/news/view?ud=2026052920173645507,https://www.newsway.co.kr/news/view?ud=2026052920173645507,"Fri, 29 May 2026 20:18:00 +0900",2026-05-29 23:54:08
서울아산병원,서울아산병원,"지아이이노베이션,전립선암 환자 'GI-10' 병용 임상1b/2상 IND 국내 승인","(신청일 3월 19일 :국내 식약처, 미국 FDA 동시 신청) 이 임상은 국내는 연세대학교 의과대학 세브란스병원과 서울아산병원에서 미국 임상은 Columbia University Irving Medical Center에서 진행될 예정이다.... ",https://www.yakup.com/news/index.html?mode=view&cat=12&nid=327881,https://www.yakup.com/news/index.html?mode=view&cat=12&nid=327881,"Fri, 29 May 2026 19:34:00 +0900",2026-05-29 23:54:08
서울아산병원,서울아산병원,[부고] 박충서 씨(전 한국교총 사무총장) 모친상,"상무이사)·이경희 씨(전 청주대 교수) 장인상 = 29일, 서울아산병원 장례식장 4호실 , 발인 31일 오전 5시, 장지 경남 산청군 선영, (02)3010-2000 * 부고 게재 문의는 카톡 뉴스1제보, 이메일 (확인용 유족 연락처 포함)",https://www.news1.kr/society/education/6182112,https://n.news.naver.com/mnews/article/421/0008974403?sid=102,"Fri, 29 May 2026 18:53:00 +0900",2026-05-29 23:54:08
서울아산병원,서울아산병원,[부음] 권완규씨 별세 외,"(031)456-5555 ▲최정운씨(서울대 정치외교학부 명예교수) 별세, 한진희씨 배우자상, 최은오 최민정 최윤석씨 부친상, 김가람씨 시부상, 박진영씨 장인상=27일 서울아산병원, 발인 30일 오전 7시. (02)3010-2000",https://www.mk.co.kr/article/12061521,https://n.news.naver.com/mnews/article/009/0005687055?sid=102,"Fri, 29 May 2026 18:02:00 +0900",2026-05-29 23:54:08
서울아산병원,서울아산병원,[오늘의 부고 : 5월 29일] 박충서(전 한국교총 사무총장)씨 모친상 外,"3시30분, 서울아산병원 장례식장 4호실, 발인 31일 오전 5시, 장지 경남 산청군 선영. ☎ 02-3010-2000 ▲ 안복준씨 별세, 안병욱·병윤·병석·병렬(한화투자증권 정보보호팀장)씨 부친상 = 29일, 안양장례식장 B1층... ",https://www.news2day.co.kr/article/20260529500208,https://www.news2day.co.kr/article/20260529500208,"Fri, 29 May 2026 17:52:00 +0900",2026-05-29 23:54:08
서울아산병원,서울아산병원,[부고] 박충서(전 한국교총 사무총장)씨 모친상,"(전 청주대 교수)씨 장모상, 조정숙·이창림·김현자(두원공과대 교수)씨 시모상 = 29일 오후 3시30분, 서울아산병원 장례식장 4호실, 발인 31일 오전 5시, 장지 경남 산청군 선영. ☎ 02-3010-2000 (서울=연합뉴스)",https://www.yna.co.kr/view/AKR20260529148500505?input=1195m,https://n.news.naver.com/mnews/article/001/0016108338?sid=102,"Fri, 29 May 2026 17:33:00 +0900",2026-05-29 23:54:08
서울아산병원,서울아산병원,[부고] 박충서(전 한국교총 사무총장)씨 모친상,"아주산업 상무이사)·이경희(전 청주대 교수)씨 장모상, 조정숙·이창림·김현자(두원공과대학교 교수)씨 시모상 = 29일, 서울아산병원 장례식장, 발인 31일 오전 5시, 경남 산청 가족 납골당. 02-3010-2000 노혁진 전문기자",https://www.public25.com/news/articleView.html?idxno=47342,https://www.public25.com/news/articleView.html?idxno=47342,"Fri, 29 May 2026 17:32:00 +0900",2026-05-29 23:54:08
서울아산병원,서울아산병원,"복지부, 보건의료데이터 활용 교육 개최…개정 가이드라인 교육","유소영 서울아산병원 교수는 ‘데이터 스튜어드십과 지속 가능성’을 주제로 ‘생명윤리 및 안전에 관한 법률’에 따른 기관생명윤리위원회와 DRB 표준 심의 모델, 데이터 활용 위험 수준에 따른 심의 방법 등을... ",https://www.edaily.co.kr/news/newspath.asp?newsid=05759686645453840,https://n.news.naver.com/mnews/article/018/0006293546?sid=102,"Fri, 29 May 2026 17:19:00 +0900",2026-05-29 23:54:08
서울아산병원,서울아산병원,"""도시와 자연의 공존 가치 확산""…정영선 포니정 혁신상·IPARK현대산업개...","선유도공원과 여의도 샛강생태공원, 서울아산병원 등 다양한 프로젝트를 통해 자연과 인간이 공존하는 도시 공간을 구현해왔으며, 2023년에는 한국인 최초로 '조경계의 노벨상'이라 불리는 제프리 젤리코 상을... ",http://www.biztribune.co.kr/news/articleView.html?idxno=354261,http://www.biztribune.co.kr/news/articleView.html?idxno=354261,"Fri, 29 May 2026 17:18:00 +0900",2026-05-29 23:54:08
서울아산병원,서울아산병원,[부고] 안병렬(한화투자증권 정보보호팀 팀장)씨 부친상 외,모친상·신경호(전 아주산업 상무) 이경희(전 청주대 음악학부 교수)씨 장모상·조정숙 이창림 김현자(두원공과대학 유아교육과 교수)씨 시모상=29일 오후3시30분 서울아산병원 발인 31일 오전5시 (02)3010-2000,https://www.hankookilbo.com/news/article/A2026052916090004228?did=NA,https://n.news.naver.com/mnews/article/469/0000933478?sid=102,"Fri, 29 May 2026 16:30:00 +0900",2026-05-29 23:54:08
서울아산병원,서울아산병원,[부고]박충서(전 한국교총 사무총장)씨 모친상,"모친상, 신경호(전 아주산업 상무이사)·이경희(전 청주대 교수)씨 장모상, 조정숙·이창림·김현자(두원공과대학교 교수)씨 시모상=29일, 서울아산병원 장례식장, 발인 31일 오전 5시, 경남 산청 가족 납골당. 02-3010-2000",https://www.newsis.com/view/NISX20260529_0003649588,https://n.news.naver.com/mnews/article/003/0013976440?sid=102,"Fri, 29 May 2026 16:28:00 +0900",2026-05-29 23:54:08
서울아산병원,서울아산병원,"코어라인소프트 ""에이뷰 렁 텍스처, 디지털 바이오마커로 확장""",최근 발표된 임상 연구에 따르면 서울아산병원 연구진은 에이뷰 렁 텍스처를 활용해 산출한 '파이브로시스 스코어'(Fibrosis Score) 변화량이 진행성 폐섬유화(Progressive Pulmonary Fibrosis·PPF) 환자의 예후를 예측하는 데... ,https://www.rapportian.com/news/articleView.html?idxno=236569,https://www.rapportian.com/news/articleView.html?idxno=236569,"Fri, 29 May 2026 16:18:00 +0900",2026-05-29 23:54:08
서울아산병원,서울아산병원,[부고]박충서(한국교총 전 사무총장)씨 모친상,"한국교총 사무총장)씨 모친상, 신경호(전 아주산업 상무이사)·이경희(전 청주대 교수)씨 장모상, 조정숙·이창림·김현자(두원공과대학교 교수)씨 시모상 = 29일 서울아산병원 장례식장, 발인 31일 오전 5시, 02-3010-2000",https://www.edaily.co.kr/news/newspath.asp?newsid=04923286645453840,https://n.news.naver.com/mnews/article/018/0006293325?sid=102,"Fri, 29 May 2026 16:15:00 +0900",2026-05-29 23:54:08
서울아산병원,서울아산병원,"인천상륙작전·서울수복 참전용사 이영환 옹, 94세로 별세","아들 이철호·근호 씨, 딸 이남주·현주 씨, 며느리 김성희 씨, 사위 한영섭·서장수 씨 등이 있다. 빈소는 서울아산병원 장례식장 23호실에 설치됐으며, 발인은 30일 오전 10시에 진행된다. 장지는 국립서울현충원이다.",https://www.insight.co.kr/news/556165,https://www.insight.co.kr/news/556165,"Fri, 29 May 2026 15:46:00 +0900",2026-05-29 23:54:08
서울아산병원,서울아산병원,“눈 들어내자” 두 살배기에 청천벽력 통보…기적 만든 수술[메디컬 인...,"수술이 무사히 끝나더라도 한쪽 눈 없이 자라며 아이가 받을 상처를 생각하니…” 29일 서울아산병원 안과 외래 진료실에서 만난 서경제(12·가명) 군의 엄마는 10년 전 상황을 묻자 눈시울이 붉어지더니, 한동안 말을 잇지... ",https://www.sedaily.com/article/20049756?ref=naver,https://n.news.naver.com/mnews/article/011/0004625832?sid=103,"Fri, 29 May 2026 14:43:00 +0900",2026-05-29 23:54:08
서울아산병원,서울아산병원,인천상륙작전·서울수복 참전 이영환 옹 별세…향년 94세,"빈소는 서울아산병원 장례식장 23호실에 마련했다. 발인은 30일 오전 10시이며 장지는 국립서울현충원이다. (02)3010-2000 * 부고 게재 문의는 카톡 뉴스1제보, 이메일 (확인용 유족 연락처 포함)",https://www.news1.kr/society/general-society/6181677,https://n.news.naver.com/mnews/article/421/0008973818?sid=102,"Fri, 29 May 2026 14:31:00 +0900",2026-05-29 23:54:08
서울아산병원,서울아산병원,"""5·18은 절대공동체의 현현""… '오월의 사회과학' 쓴 최정운 교수 별세","기려 전남대가 제정한 후광학술상 제7회 수상작으로 선정됐다. 유족은 부인 한진희씨와 1남2녀(은오·민정·윤석씨), 며느리 김가람씨, 사위 박진영씨 등이 있다. 빈소 서울아산병원, 발인 30일 오전 7시. (02)3010-2000",https://www.hankookilbo.com/news/article/A2026052914090000489?did=NA,https://n.news.naver.com/mnews/article/469/0000933435?sid=103,"Fri, 29 May 2026 14:19:00 +0900",2026-05-29 23:54:08
서울아산병원,서울아산병원,"국가건강검진, 2030년까지 생애주기 맞춤형으로 개편…AI 활용·과잉검진...","이날 공청회에서는 복지부가 제4차 국가건강검진 종합계획안을 발표한 뒤, 선우성 서울아산병원 가정의학과 교수를 좌장으로 ‘국민이 신뢰하고 만족하는 국가건강검진체계 발전 방안’을 주제로 패널토의가 진행됐다.... ",https://www.medigatenews.com/news/1614405251,https://www.medigatenews.com/news/1614405251,"Fri, 29 May 2026 13:58:00 +0900",2026-05-29 23:54:08
서울아산병원,서울아산병원,청라 개발 다음 무대는 생활권 경쟁 … 인천 서구 주거지도 재편,"29일 부동산업계에 따르면 서울도시철도 7호선 청라연장선과 청라하늘대교, 서울아산청라병원, 스타필드청라 등 주요 기반시설 조성 사업이 속도를 내면서 주변 지역 주거 수요에도 영향을 미치고 있다. 가장 큰 변화는... ",https://biz.newdaily.co.kr/site/data/html/2026/05/29/2026052900153.html,https://biz.newdaily.co.kr/site/data/html/2026/05/29/2026052900153.html,"Fri, 29 May 2026 13:44:00 +0900",2026-05-29 23:54:08
서울아산병원,서울아산병원,"코어라인, 흉부 CT AI 넘어 예후 예측 플랫폼 확장",최근 서울아산병원 연구진은 코어라인소프트의 'AVIEW Lung Texture'를 활용해 산출한 Fibrosis Score 변화량이 진행성 폐섬유화 환자의 예후를 예측하는 데 의미 있는 지표가 될 수 있음을 확인했다. Fibrosis Score는 흉부 CT... ,http://www.hansbiz.co.kr/news/articleView.html?idxno=841452,http://www.hansbiz.co.kr/news/articleView.html?idxno=841452,"Fri, 29 May 2026 13:20:00 +0900",2026-05-29 23:54:08
서울아산병원,서울아산병원,수술기법 공유에 후학 양성까지··· 의사들이 학회에 모이는 이유 [의...,"송기병 학회 교육이사(서울아산병원 간담도췌외과 교수)는 “예를 들어 맹장 수술을 한다고 치면 복강 안에 있으니까 복부를 열어서 들어가는 방법 외엔 잘 생각해보지 않았는데, 오늘 산부인과 선생님의 발표에선 바로... ",https://www.khan.co.kr/article/202605291318001,https://n.news.naver.com/mnews/article/032/0003448748?sid=103,"Fri, 29 May 2026 13:18:00 +0900",2026-05-29 23:54:08
서울아산병원,서울아산병원,"백혈병 투병하다 하늘나라로 떠난 5살 아들 생일날, 1000만원 기부한 아...",소아 백혈병으로 아들을 잃은 이진규씨가 비급여 치료비 부담을 겪는 환아들을 위해 서울아산병원에 1000만원을 기부했다. 지난 27일 이진규(44)씨는 오후 서울아산병원에 1000만원을 기부했다. 이 병원은 이씨의 아들... ,https://www.insight.co.kr/news/556098,https://www.insight.co.kr/news/556098,"Fri, 29 May 2026 13:10:00 +0900",2026-05-29 23:54:08
서울아산병원,서울아산병원,역시 유재석…시청률 동시간대 1위 달성→미친 화제성으로 고공행진 중...,"서울아산병원 약제팀 소속 차승현, 박근미 약사는 하루 15만여 건의 처방을 소화하는 현장의 현실을 생생하게 전하며 시청자들에게 깊은 인상을 남겼다. 23년 차 소아 전문 약사 박근미는 500g 미만 미숙아를 위해 성인... ",https://www.tvreport.co.kr/breaking/article/1049073/,https://m.entertain.naver.com/article/213/0001388382,"Fri, 29 May 2026 13:01:00 +0900",2026-05-29 23:54:08
서울아산병원,서울아산병원,"가정연합, 박규남 전 성남일화 사장 성화식 엄수…“스포츠로 평화 비전...",세계평화통일가정연합(이하 가정연합)은 28일 서울아산병원 장례식장에서 박규남 전 성남일화 천마 축구단 사장(전 한국프로축구연맹 부회장)의 성화식(聖和式)을 엄수했다고 밝혔다. 고인은 지난 25일 향년 90세로... ,https://www.segye.com/newsView/20260529506666?OutUrl=naver,https://n.news.naver.com/mnews/article/022/0004131566?sid=103,"Fri, 29 May 2026 12:27:00 +0900",2026-05-29 23:54:08
서울아산병원,서울아산병원,"1세대 조경가 정영선 대표, 포니정 혁신상","이후 50여년 동안 서울아산병원과 선유도공원, 여의도 샛강생태공원 등 다양한 조경 프로젝트를 진행하며 현대인에게 치유와 회복을 전했다. 2023년 한국인으로는 처음으로 ‘조경 분야의 노벨상’으로 불리는 제프리... ",https://biz.heraldcorp.com/article/10758692?ref=naver,https://n.news.naver.com/mnews/article/016/0002649791?sid=101,"Fri, 29 May 2026 11:41:00 +0900",2026-05-29 23:54:08
서울아산병원,서울아산병원,"코어라인소프트 ""흉부CT 분석 기술, 폐질환 진단 넘어 위험 평가""",서울아산병원 연구진은 코어라인소프트의 AVIEW Lung Texture를 활용해 산출한 '섬유화 점수' 변화량이 진행성 폐섬유화 환자의 예후 예측에 유의미한 지표가 될 수 있다고 밝혔다. 섬유화 점수는 흉부 CT 영상에서... ,http://www.wowtv.co.kr/NewsCenter/News/Read?articleId=A202605290401&t=NN,https://n.news.naver.com/mnews/article/215/0001253716?sid=101,"Fri, 29 May 2026 11:29:00 +0900",2026-05-29 23:54:08
서울아산병원,서울아산병원,"""소화가 예전 같지 않은 이유, 췌장 때문?""/ 서울아산병원 소화기내과 ...","서울아산병원 소화기내과 송태준 교수의 주제처럼, 반복되는 소화불량은 단순 위장 문제만이 아니라 췌장 기능 저하, 만성 췌장염, 드물게는 췌장암의 신호일 수도 있습니다. 특히 등으로 뻗치는 복통, 이유 없는 체중 감소... ",http://aftertherain.kr/sub/contents/view.php?seq=97101,http://aftertherain.kr/sub/contents/view.php?seq=97101,"Fri, 29 May 2026 11:02:00 +0900",2026-05-29 23:54:08
서울아산병원,서울아산병원,"""맥아더에 전하는 트럼프 메시지 기다렸는데""…이영환씨 별세","빈소는 서울아산병원 장례식장 23호실, 발인 30일 오전 10시, 장지 국립서울현충원. ☎ 02-3010-2000 chungwon@yna.co.kr ※ 부고 요청은 카톡 okjebo, 전화 02-398-3000, 이메일 , 팩스 02-398-3111(확인용 유족 연락처 필수)",https://www.yna.co.kr/view/AKR20260529062600704?input=1195m,https://n.news.naver.com/mnews/article/001/0016107123?sid=102,"Fri, 29 May 2026 10:44:00 +0900",2026-05-29 23:54:08
서울아산병원,서울아산병원,접종 기간 두 달 연장...구로구 '2025-2026절기 코로나19 예방접종사업'...,"서울아산병원에 따르면, 코로나 바이러스는 사람이나 동물에서 호흡기 질환을 일으키는 바이러스로 감기를 일으키는 원인 바이러스 중 하나이다. 이 바이러스는 현미경으로 관찰했을 때 코로나(원 둘레에 방사형으로... ",https://www.cnbizm.com/news/articleView.html?idxno=304183,https://www.cnbizm.com/news/articleView.html?idxno=304183,"Fri, 29 May 2026 09:50:00 +0900",2026-05-29 23:54:08
서울아산병원,서울아산병원,[부고] 오광진(조선비즈 이코노미조선 편집장)씨 부친상,"별세, 이현순씨 남편상, 오은성·오광진(조선비즈 이코노미조선 편집장)·오은경씨 부친상, 이재영씨 장인상 = 28일 오전 5시, 서울아산병원 장례식장 6호실, 발인 30일 오전 8시, 장지 국립서울현충원. (02)3010-2000",https://view.asiae.co.kr/article/2026052909454172971,https://n.news.naver.com/mnews/article/277/0005769420?sid=102,"Fri, 29 May 2026 09:45:00 +0900",2026-05-29 23:54:08
서울아산병원,서울아산병원,[부고] 최재훈(컬리 부사장)씨 부친상,"(컬리 상품마케팅총괄 부사장)·최은선씨 부친상, 김상용(유민이엔지 대표)씨 장인상, 장정화씨 시부상 = 27일 오후 7시 43분, 서울아산병원 장례식장 35호실, 발인 30일 오전 9시, 장지 용인공원 아너스톤. (02)3010-2000",https://view.asiae.co.kr/article/2026052909444868241,https://n.news.naver.com/mnews/article/277/0005769417?sid=102,"Fri, 29 May 2026 09:44:00 +0900",2026-05-29 23:54:08
서울아산병원,서울아산병원,"‘연구중심병원 육성’ 외치면서, 연구원들은 여전히 비정규직","서울성모병원, 서울아산병원, 서울성모병원 세브란스병원, 아주대병원, 양산부산대병원, 이대목동병원, 인하대병원, 전남대병원, 한림대춘천성심병원 등 21개 병원이 연구중심병원의 지위를 유지한다. 실제 채용 조건도... ",https://health.chosun.com/site/data/html_dir/2026/05/28/2026052804001.html,https://n.news.naver.com/mnews/article/346/0000110577?sid=004,"Fri, 29 May 2026 09:13:00 +0900",2026-05-29 23:54:08
서울아산병원,서울아산병원,금융혜택 적용 ‘푸르지오 스타셀라49’… 청라 개발호재 관심,"단지 인근에는 스타필드 청라와 돔구장 복합개발 사업이 추진되고 있으며, 서울아산청라병원도 2029년 개원을 목표로 조성 중이다. 하나금융타운 이전 계획도 추진되고 있다. 생활 인프라로는 코스트코 청라와... ",https://biz.heraldcorp.com/article/10757945?ref=naver,https://n.news.naver.com/mnews/article/016/0002649600?sid=101,"Fri, 29 May 2026 09:01:00 +0900",2026-05-29 23:54:08
서울아산병원,서울아산병원,[부고] 최정운씨(서울대 정치외교학부 명예교수) 별세,"△ 최정운씨(서울대 정치외교학부 명예교수) 별세, 한진희씨 남편상, 최은오·민정·윤석씨 부친상, 김가람씨 시부상, 박진영씨 장인상 = 27일 오후 6시 47분, 서울아산병원 장례식장 3호실, 발인 30일 오전 7시... ",https://www.public25.com/news/articleView.html?idxno=47262,https://www.public25.com/news/articleView.html?idxno=47262,"Fri, 29 May 2026 08:46:00 +0900",2026-05-29 23:54:08
서울아산병원,서울아산병원,"임상건강증진학회 “먹는 콜라겐 피부 개선 효과, 근거 불충분”",대한임상건강증진학회는 지난 17일 서울아산병원 연구원 강당에서 열린 춘계학술대회에서 ‘보충제 신화를 해부한다: 알부민과 콜라겐 근거는 어디까지인가’를 주제로 세션을 진행했다. 이날 명승권 국립암센터 교수... ,https://mdtoday.co.kr/news/view/1065585605961519,https://mdtoday.co.kr/news/view/1065585605961519,"Fri, 29 May 2026 08:30:00 +0900",2026-05-29 23:54:08
서울아산병원,서울아산병원,"우미건설, 수주 채널 다변화...부동산 종합회사로 체질 개선","해당 사업에는 서울아산청라병원과 연구시설, 시니어 주거시설 등이 들어설 예정이다. 우미건설은 시니어 주거시설 운영에도 참여하는 방안을 검토 중인 것으로 알려졌다. 시니어 주거 분야에서는 구리갈매 공공지원... ",https://www.g-enews.com/view.php?ud=202605290741155640ea13369bfa_1,https://www.g-enews.com/view.php?ud=202605290741155640ea13369bfa_1,"Fri, 29 May 2026 08:30:00 +0900",2026-05-29 23:54:08
서울아산병원,서울아산병원,"韓 1세대 조경가 정영선 대표, 제20회 포니정 혁신상 수상","이후 50여 년 동안 서울아산병원과 선유도공원, 여의도 샛강생태공원 등 다양한 조경 프로젝트를 진행하며 현대인에게 치유와 회복을 전했다. 2023년 한국인으로는 처음으로 ‘조경 분야의 노벨상’으로 불리는 제프리... ",https://biz.heraldcorp.com/article/10758382?ref=naver,https://n.news.naver.com/mnews/article/016/0002649581?sid=101,"Fri, 29 May 2026 08:29:00 +0900",2026-05-29 23:54:08
서울아산병원,서울아산병원,[부고] 최정운 씨(서울대 정치외교학부 명예교수) 별세,"■ 최정운 씨(서울대 정치외교학부 명예교수) 별세, 한진희 씨 남편상, 최은오·민정·윤석 씨 부친상, 김가람 씨 시부상, 박진영 씨 장인상 = 27일 오후 6시 47분, 서울아산병원 장례식장 3호실, 발인 30일 오전 7시... ",https://www.news1.kr/society/education/6181049,https://n.news.naver.com/mnews/article/421/0008972564?sid=102,"Fri, 29 May 2026 08:24:00 +0900",2026-05-29 23:54:08
서울아산병원,서울아산병원,'오월의 사회과학' 저자 최정운 교수 별세,"독창적 개념으로 규명하며, 이를 국가 폭력에 맞서 인간 존엄성을 지키려 한 투쟁으로 평가했습니다. 빈소는 서울아산병원 장례식장에 마련됐으며, 발인은 오는 30일 엄수될 예정입니다. #최정운 #별세 #오월의사회과학자",https://kjmbc.co.kr/NewsArticle/1520782,https://kjmbc.co.kr/NewsArticle/1520782,"Fri, 29 May 2026 07:45:00 +0900",2026-05-29 23:54:08
서울아산병원,서울아산병원,[부고] 최재훈(컬리 부사장)씨 부친상,"라이센스뉴스 = 황수정 기자 | ▲최정길씨 별세, 최재훈(컬리 상품마케팅총괄 부사장)씨 부친상=27일, 서울아산병원 장례식장 35호실, 발인 30일. ☎",https://www.lcnews.co.kr/news/articleView.html?idxno=202755,https://www.lcnews.co.kr/news/articleView.html?idxno=202755,"Fri, 29 May 2026 07:04:00 +0900",2026-05-29 23:54:08
서울아산병원,서울아산병원,과장 광고·신용공여 논란 겹친 상조업계…소비자 피해 확산 우려,일부 게시물은 수도권 빅5 병원(삼성서울병원·서울대학교병원·서울성모병원·서울아산병원·세브란스병원)이나 상급종합병원 예약을 신속하게 잡아줄 수 있다는 것처럼 선전했다. 문제는 이러한 서비스 안내가 온라인... ,https://www.newspim.com/news/view/20260528000962,https://www.newspim.com/news/view/20260528000962,"Fri, 29 May 2026 06:00:00 +0900",2026-05-29 23:54:08
서울아산병원,서울아산병원,5400억원 규모 서울아산병원 의약품 입찰 '최후의 승자는?',5400억원 규모의 서울아산병원 의약품 입찰에서 마지막에 웃은 의약품유통업체는 어디일까? 서울아산병원이 최근 실시한 연간소요의약품 입찰이 1차에 모든 그룹이 낙찰되면서 마무리됐다. 이번 입찰에서는... ,https://www.bosa.co.kr/news/articleView.html?idxno=3005106,https://www.bosa.co.kr/news/articleView.html?idxno=3005106,"Fri, 29 May 2026 06:00:00 +0900",2026-05-29 23:54:08
서울아산병원,서울아산병원,[부고],"(051)464-5858 ●오충섭씨 별세, 이현순씨 남편상, 오은성·광진(조선비즈 이코노미조선 편집장)·은경씨 부친상, 이재영씨 장인상 = 28일 서울아산병원, 발인 30일. (02)3010-2000",https://www.seoul.co.kr/news/peoples/death/2026/05/29/20260529023004?wlog_tag3=naver,https://n.news.naver.com/mnews/article/081/0003647872?sid=102,"Fri, 29 May 2026 05:04:00 +0900",2026-05-29 23:54:08
서울아산병원,서울아산병원,포니정 혁신상 정영선 조경가 수상,"이후 50여년 동안 서울아산병원과 선유도공원, 여의도 샛강생태공원 등 주요 조경 프로젝트를 진행했다. 2023년 한국인으로는 처음으로 조경 분야의 노벨상이라고 불리는 제프리 젤리코상을 받았다.",https://www.seoul.co.kr/news/peoples/2026/05/29/20260529023007?wlog_tag3=naver,https://n.news.naver.com/mnews/article/081/0003647875?sid=102,"Fri, 29 May 2026 05:04:00 +0900",2026-05-29 23:54:08
서울아산병원,서울아산병원,[부고]김문생 별세 外,"장인상=28일 서울아산병원, 발인 30일 오전 8시 02-3010-2000 ◇이미경 씨 별세·김동준 경기일보 플랫폼운영지원부 과장 모친상=27일 경기 용인시 쉴낙원경기장례식장, 발인 30일 오전 7시 반 031-672-1009 ◇최정길... ",https://www.donga.com/news/People/article/all/20260529/134013297/2,https://n.news.naver.com/mnews/article/020/0003723115?sid=102,"Fri, 29 May 2026 04:34:00 +0900",2026-05-29 23:54:08
서울아산병원,서울아산병원,"백혈병 투병하다 떠난 아들 생일 맞아, 1000만원 기부한 아빠","故 이예훈군 아버지 이진규씨 “돈 없어 치료 못 하는 아이 없어야"" “예훈이 또래 아이들 치료에 조금이나마 도움이 되면 좋겠습니다.” 27일 오후 서울아산병원에서 만난 이진규(44)씨가 병원에 1000만원을 기부하며 한... ",https://www.chosun.com/national/people/2026/05/29/VTK67CVDHFDV7ALWRG4TU2YT4E/?utm_source=naver&utm_medium=referral&utm_campaign=naver-news,https://n.news.naver.com/mnews/article/023/0003979069?sid=102,"Fri, 29 May 2026 00:43:00 +0900",2026-05-29 23:54:08
서울아산병원,서울아산병원,[부음] 김문생 별세 외,"장인상=28일5시 서울아산병원, 발인 30일8시, (02)3010-2000 ▲전상욱 별세, 박갑순 남편상, 전성수 서울 서초구청장 후보·전성규·전소영 부친상, 김기홍 장인상, 정현주·김연진 시부상=27일10시37분... ",https://www.chosun.com/national/obituary-personnel/2026/05/29/NYWMSWLPKZAXHDOYTCEAU7E34Y/?utm_source=naver&utm_medium=referral&utm_campaign=naver-news,https://n.news.naver.com/mnews/article/023/0003979066?sid=102,"Fri, 29 May 2026 00:43:00 +0900",2026-05-29 23:54:08
서울아산병원,서울아산병원,[강원의료 희망을 캐다] 13. 조현석 강원대병원 소아응급 전문의,"""화천군보건의료원 그 선생님이 잘한다더라."" 당시 의료원에는 정의석 의사(현 서울아산병원 소아신생아과 전문의)가 공보의로 와 있었다. ""진료가 지역에서 거의 다 해결이 되더라고요. '와, 저런 의사도 있네' 하고... ",https://www.kado.net/news/articleView.html?idxno=2052800,https://n.news.naver.com/mnews/article/654/0000182936?sid=102,"Fri, 29 May 2026 00:05:00 +0900",2026-05-29 23:54:08
서울아산병원,서울아산병원,[부고] 김희국씨 外,"장인상=28일 서울아산병원, 발인 30일, 3010-2000 ▶최정길씨 별세, 김순옥씨 남편상, 최재훈(컬리 상품마케팅총괄 부사장)·은선씨 부친상, 김상용씨(유민이엔지 대표) 장인상, 장정화씨 시아버지상=27일... ",https://www.joongang.co.kr/article/25432135,https://n.news.naver.com/mnews/article/025/0003526514?sid=102,"Fri, 29 May 2026 00:01:00 +0900",2026-05-29 23:54:08
서울아산병원,서울아산병원,[5월28일 부고종합] 하현종(SBS 스튜디오161 대표이사)씨 부친상 외,"(051)464-5858 ▲ 최정길(향년 84세)씨 별세, 김순옥씨 남편상, 최재훈(컬리 상품마케팅총괄 부사장)·최은선씨 부친상, 김상용(유민이엔지 대표)씨 장인상, 장정화씨 시부상 = 27일 오후 7시 43분, 서울아산병원... ",https://www.dt.co.kr/article/12064880?ref=naver,https://n.news.naver.com/mnews/article/029/0003029069?sid=102,"Thu, 28 May 2026 22:57:00 +0900",2026-05-29 23:54:08
서울아산병원,서울아산병원,[부고] 최재훈 컬리 부사장 부친상,"[이미지=더밸류뉴스] ▲ 최정길(향년 84세)씨 별세, 김순옥 남편상, 최재훈(컬리 상품마케팅총괄 부사장)·최은선 부친상, 김상용(유민이엔지 대표) 장인상, 장정화 시부상 = 27일 오후 7시 43분, 서울아산병원... ",http://www.thevaluenews.co.kr/news/view.php?idx=199053,http://www.thevaluenews.co.kr/news/view.php?idx=199053,"Thu, 28 May 2026 22:00:00 +0900",2026-05-29 23:54:08
서울아산병원,서울아산병원,[부고] 최재훈(컬리 부사장)씨 부친상,"▲최정길씨 별세, 김순옥씨 남편상, 최재훈(컬리 상품마케팅총괄 부사장)·최은선씨 부친상, 김상용(유민이엔지 대표)씨 장인상, 장정화씨 시부상=27일 오후 7시 43분, 서울아산병원 장례식장 35호실, 발인 30일... ",https://www.newsinside.kr/news/articleView.html?idxno=4714035,https://www.newsinside.kr/news/articleView.html?idxno=4714035,"Thu, 28 May 2026 21:22:00 +0900",2026-05-29 23:54:08
서울아산병원,서울아산병원,‘5·18 시민’ 연구 큰 족적 남기고 ‘그들 곁으로’,"이 책은 2012년 오월의봄 출판사에서 재출간됐다. 유족으로 부인 한진희씨, 자녀 최윤석·은오·민정씨가 있다. 빈소는 서울아산병원 장례식장에 마련됐다. 발인은 30일.(02)3010-2000",https://www.khan.co.kr/article/202605282041005,https://n.news.naver.com/mnews/article/032/0003448625?sid=102,"Thu, 28 May 2026 20:41:00 +0900",2026-05-29 23:54:08
서울아산병원,서울아산병원,[부고] 김문생씨 별세 외,"6시 (033)254-5611 ▲최정길씨 별세, 김순옥씨 남편상, 최재훈(컬리 상품마케팅총괄 부사장)·은선씨 부친상, 김상용씨(유민이엔지 대표) 장인상, 장정화씨 시부상=27일 서울아산병원 발인 30일 오전 9시 (02)3010-2000",https://www.segye.com/newsView/20260528515407?OutUrl=naver,https://n.news.naver.com/mnews/article/022/0004131416?sid=102,"Thu, 28 May 2026 20:15:00 +0900",2026-05-29 23:54:08
서울아산병원,서울아산병원,[부고] 김희국씨 별세 外,"빙부상=28일 서울아산병원, 발인 30일 오전 8시(02-3010-2000) ▲최정길씨 별세, 김순옥씨 부군상, 최재훈(컬리 상품마케팅총괄 부사장) 최은선씨 부친상, 김상용(유민이엔지 대표)씨 빙부상, 장정화씨 시부상=27일... ",https://www.kmib.co.kr/article/view.asp?arcid=1779955261&code=11111200&cp=nv,https://n.news.naver.com/mnews/article/005/0001851694?sid=102,"Thu, 28 May 2026 19:47:00 +0900",2026-05-29 23:54:08
서울아산병원,서울아산병원,[부고]오광진(조선비즈 이코노미조선 편집장)씨 부친상,"▷오충섭(향년 93세)씨 별세, 이현순씨 남편상, 오은성·광진(조선비즈 이코노미조선 편집장)·은경씨 부친상, 이재영씨 장인상= 서울아산병원 장례식장 6호실, 발인 30일 오전 8시, 장지 국립서울현충원. (02)3010-2000",https://view.asiae.co.kr/article/2026052819060527110,https://n.news.naver.com/mnews/article/277/0005769175?sid=102,"Thu, 28 May 2026 19:06:00 +0900",2026-05-29 23:54:08
서울아산병원,서울아산병원,[부고] 최재훈(컬리 상품마케팅총괄 부사장)씨 부친상,"▲최정길(향년 84세)씨 별세, 김순옥씨 남편상, 최재훈(컬리 상품마케팅총괄 부사장)·최은선씨 부친상, 김상용(유민이엔지 대표)씨 장인상, 장정화씨 시부상=27일, 서울아산병원 장례식장 35호실, 발인 30일 오전... ",https://www.shinailbo.co.kr/news/articleView.html?idxno=5025256,https://www.shinailbo.co.kr/news/articleView.html?idxno=5025256,"Thu, 28 May 2026 18:40:00 +0900",2026-05-29 23:54:08
서울아산병원,서울아산병원,‘오월의 사회과학’ 저자 최정운 교수 별세,"감각이 5·18의 에너지로 분출됐다고 본다”고 밝힌 바 있다. 유족은 부인 한진희씨와 1남2녀(은오·민정·윤석씨), 며느리 김가람씨, 사위 박진영씨 등이 있다. 빈소는 서울아산병원, 발인 30일 오전 7시. (02)3010-2000.",https://www.hani.co.kr/arti/culture/religion/1260882.html,https://n.news.naver.com/mnews/article/028/0002807159?sid=103,"Thu, 28 May 2026 18:38:00 +0900",2026-05-29 23:54:08
서울아산병원,서울아산병원,5월29일 궂긴 소식,"◆ 최정길씨 별세: 김순옥씨 남편, 재훈(컬리 상품마케팅총괄 부사장) 은선씨 부친, 장정화씨 시부, 김상용(유민이엔지 대표)씨 장인=27일 오후 7시43분 서울아산병원. 발인 30일 오전 9시. (02)3010-2000.... ",https://www.hani.co.kr/arti/society/obituary/1260884.html,https://n.news.naver.com/mnews/article/028/0002807161?sid=102,"Thu, 28 May 2026 18:38:00 +0900",2026-05-29 23:54:08
서울아산병원,서울아산병원,[부고] 오충섭 씨 별세 外,"▶오충섭씨 별세, 이현순씨 남편상, 오은성·오광진 조선비즈 이코노미조선 편집장·오은경씨 부친상, 이재영씨 장인상=서울아산병원 발인 30일 오전 8시 02-3010-2000 ▶김희국씨 별세, 김창기·김성기·김연진씨... ",https://www.hankyung.com/article/2026052852311,https://n.news.naver.com/mnews/article/015/0005292529?sid=102,"Thu, 28 May 2026 18:28:00 +0900",2026-05-29 23:54:08
서울아산병원,서울아산병원,정영선 조경가 포니정 혁신상,"이후 서울아산병원, 선유도공원, 여의도 샛강생태공원 등 주요 조경 프로젝트를 이끌었습니다. 도시를 살아가는 현대인에게 치유와 회복을 선사했다는 평가를 받습니다. 2023년에는 한국인 최초로 '제프리 젤리코 상'을... ",https://www.newsclaim.co.kr/news/articleView.html?idxno=3064943,https://www.newsclaim.co.kr/news/articleView.html?idxno=3064943,"Thu, 28 May 2026 17:54:00 +0900",2026-05-29 23:54:08
서울아산병원,서울아산병원,정영선 조경가 '포니정 혁신상' 수상···도시와 자연의 경계 재해석한...,"대표작으로는 서울 여의도샛강생태공원과 선유도공원, 서울아산병원 조경, 국립중앙박물관 외부 공간, 예술의전당 주변 경관 등이 꼽힌다. 이들 프로젝트는 단순한 조경 조성을 넘어 도시 속 생태 회복과 공공 공간의... ",https://www.smartbizn.com/news/articleView.html?idxno=144957,https://www.smartbizn.com/news/articleView.html?idxno=144957,"Thu, 28 May 2026 17:52:00 +0900",2026-05-29 23:54:08
서울아산병원,서울아산병원,[부고] 최재훈(컬리 부사장)씨 부친상,"▲ 최정길(향년 84세)씨 별세, 김순옥씨 남편상, 최재훈(컬리 상품마케팅총괄 부사장)·최은선씨 부친상, 김상용(유민이엔지 대표)씨 장인상, 장정화씨 시부상 = 27일 오후 7시 43분, 서울아산병원 장례식장... ",http://www.finomy.com/news/articleView.html?idxno=255000,http://www.finomy.com/news/articleView.html?idxno=255000,"Thu, 28 May 2026 17:50:00 +0900",2026-05-29 23:54:08
서울아산병원,서울아산병원,[부고] 최재훈(컬리 상품마케팅총괄 부사장)씨 부친상 외,▲최정길씨 별세·김순옥씨 남편상·재훈(컬리 상품마케팅총괄 부사장) 은선씨 부친상·장정화씨 시부상·김상용(유민이엔지 대표)씨 장인상=27일 오후7시43분 서울아산병원 발인 30일 오전9시 (02)3010-2000... ,https://www.hankookilbo.com/news/article/A2026052816480001093?did=NA,https://n.news.naver.com/mnews/article/469/0000933247?sid=102,"Thu, 28 May 2026 17:43:00 +0900",2026-05-29 23:54:08
서울아산병원,서울아산병원,"‘대한민국 1호 여성 조경가’ 정영선 조경가, 제20회 포니정 혁신상 수...","대표작으로는 아시아선수촌아파트(1984), 예술의전당(1984), 샛강생태공원(1997), 영종도 신공항(1999), 선유도공원(2002), 청계광장(2005), 서울아산병원(2007), 서울식물원(2016), 경춘선 숲길(2016) 등이 있다. 또 2023년에는 한국인... ",https://www.viva100.com/article/20260528501070,https://www.viva100.com/article/20260528501070,"Thu, 28 May 2026 17:40:00 +0900",2026-05-29 23:54:08
서울아산병원,서울아산병원,[부고] 최재훈(컬리 부사장)씨 부친상,"▲ 최정길(향년 84세)씨 별세, 김순옥씨 남편상, 최재훈(컬리 상품마케팅총괄 부사장)·최은선씨 부친상, 김상용(유민이엔지 대표)씨 장인상, 장정화씨 시부상 = 27일 오후 7시 43분, 서울아산병원 장례식장... ",http://www.newsfc.co.kr/news/articleView.html?idxno=78952,http://www.newsfc.co.kr/news/articleView.html?idxno=78952,"Thu, 28 May 2026 17:38:00 +0900",2026-05-29 23:54:08
서울아산병원,서울아산병원,"'韓 1호 여성 조경 국토개발기술사' 정영선 조경가, 포니정 혁신상 수상","이후 서울아산병원과 선유도공원, 여의도 샛강생태공원 등 다양한 조경 프로젝트를 진행했다. 2023년 한국인 최초로 '조경 분야의 노벨상'으로 불리는 제프리 젤리코 상을 받은 바 있다. '소박하지만 누추하지 않고... ",https://www.mt.co.kr/estate/2026/05/28/2026052817251984801,https://n.news.naver.com/mnews/article/008/0005364335?sid=101,"Thu, 28 May 2026 17:38:00 +0900",2026-05-29 23:54:08
서울아산병원,서울아산병원,[오늘의 부고 : 5월 28일] 오동헌(TY홀딩스 사장)씨 장인상 外,"☎ 033-254-5611 ▲ 오충섭(향년 93세)씨 별세, 이현순씨 남편상, 오은성·오광진(조선비즈 이코노미조선 편집장)·오은경씨 부친상, 이재영씨 장인상 = 28일 오전 5시, 서울아산병원 장례식장 6호실, 발인 30일 오전... ",https://www.news2day.co.kr/article/20260528500238,https://www.news2day.co.kr/article/20260528500238,"Thu, 28 May 2026 17:36:00 +0900",2026-05-29 23:54:08
서울아산병원,서울아산병원,"포니정 혁신상에 정영선 조경가…""도시·환경 방향성 제시""","이후 50여 년 동안 서울아산병원, 선유도공원, 여의도 샛강생태공원 등 다양한 조경 프로젝트를 수행하며 도시민에게 치유와 회복의 공간을 제공해왔다. 국제적 성과도 인정받았다. 정 조경가는 2023년 한국인 최초로... ",https://www.apnews.kr/news/articleView.html?idxno=3048719,https://www.apnews.kr/news/articleView.html?idxno=3048719,"Thu, 28 May 2026 17:26:00 +0900",2026-05-29 23:54:08
서울아산병원,서울아산병원,"정영선 조경가, 제20회 포니정 혁신상","50여 년 동안 서울아산병원과 선유도공원, 여의도 샛강생태공원 등 다양한 조경 프로젝트를 맡아왔다. 2023년 한국인으로는 처음으로 ‘조경 분야의 노벨상’으로 불리는 제프리 젤리코 상을 받았다.",https://www.edaily.co.kr/news/newspath.asp?newsid=05208646645453512,https://n.news.naver.com/mnews/article/018/0006292557?sid=101,"Thu, 28 May 2026 17:25:00 +0900",2026-05-29 23:54:08
서울아산병원,서울아산병원,"‘韓 첫 조경 분야 노벨상’ 정영선 조경가, 포니정 혁신상 수상","50여년 동안 서울아산병원과 선유도공원, 여의도 샛강생태공원 등 다양한 조경 프로젝트를 진행해, 2023년 한국인으로는 처음으로 ‘조경 분야 노벨상’으로 불리는 제프리 젤리코 상을 받았다. 소박하지만 누추하지 않고... ",https://www.dnews.co.kr/uhtml/view.jsp?idxno=202605281420368660332,https://www.dnews.co.kr/uhtml/view.jsp?idxno=202605281420368660332,"Thu, 28 May 2026 17:20:00 +0900",2026-05-29 23:54:08
서울아산병원,서울아산병원,"서울아산병원 연구팀 ""코어라인 흉부AI 플랫폼 인정""",서울아산병원 영상의학과 및 호흡기내과 연구팀은 코어라인소프트의 흉부 AI 플랫폼 ‘에이뷰(AVIEW)’를 활용해 산출한 폐섬유화 점수(FS) 변화량이 간질성 폐질환 환자 질환 진행 및 생존 예후 예측에 유의미한... ,https://www.dailymedi.com/news/news_view.php?wr_id=936857,https://www.dailymedi.com/news/news_view.php?wr_id=936857,"Thu, 28 May 2026 17:18:00 +0900",2026-05-29 23:54:08
서울아산병원,서울아산병원,포니정 혁신상에 '한국 조경 1세대' 정영선 조각가,"이후 서울아산병원, 선유도공원, 여의도 샛강생태공원 등 주요 프로젝트를 통해 도시민에게 치유와 회복의 공간을 제공해왔다. 2023년에는 한국인 최초로 '조경 분야의 노벨상'으로 불리는 제프리 젤리코 상을 수상하며... ",https://www.bizwork.co.kr/news/articleView.html?idxno=416021,https://www.bizwork.co.kr/news/articleView.html?idxno=416021,"Thu, 28 May 2026 17:16:00 +0900",2026-05-29 23:54:08
서울아산병원,서울아산병원,"'한국 1호 여성 조경기술사' 정영선, 제20회 포니정 혁신상 수상","이후 서울아산병원, 선유도공원, 여의도 샛강생태공원 등 다양한 프로젝트를 통해 도시 공간 속 치유와 회복의 가치를 구현해왔다는 평가를 받는다. 지난 2023년에는 한국인 최초로 조경 분야의 노벨상으로 불리는 제프리... ",http://www.fnnews.com/news/202605280907175590,https://n.news.naver.com/mnews/article/014/0005527770?sid=101,"Thu, 28 May 2026 17:00:00 +0900",2026-05-29 23:54:08
서울아산병원,서울아산병원,[부고] 최재훈(컬리 부사장)씨 부친상,"▲ 최정길(향년 84세)씨 별세, 김순옥씨 남편상, 최재훈(컬리 상품마케팅총괄 부사장)·최은선씨 부친상, 김상용(유민이엔지 대표)씨 장인상, 장정화씨 시부상 = 27일 오후 7시 43분, 서울아산병원 장례식장... ",https://sateconomy.co.kr/news/view/1065579923141974,https://sateconomy.co.kr/news/view/1065579923141974,"Thu, 28 May 2026 16:30:00 +0900",2026-05-29 23:54:08
서울아산병원,서울아산병원,오늘의 부고 종합,"5시, 서울아산병원 장례식장 6호실, 발인 30일 오전 8시, 장지 국립서울현충원, 02-3010-2000 △최정길(향년 84세)씨 별세, 김순옥씨 남편상, 최재훈(컬리 상품마케팅총괄 부사장)·은선씨 부친상, 김상용... ",https://www.edaily.co.kr/news/newspath.asp?newsid=04824886645453512,https://n.news.naver.com/mnews/article/018/0006292462?sid=102,"Thu, 28 May 2026 16:30:00 +0900",2026-05-29 23:54:08
서울아산병원,서울아산병원,[부고] 최재훈(컬리 부사장)씨 부친상,"▲ 최정길(향년 84세)씨 별세, 김순옥씨 남편상, 최재훈(컬리 상품마케팅총괄 부사장)·최은선씨 부친상, 김상용(유민이엔지 대표)씨 장인상, 장정화씨 시부상 = 27일 오후 7시 43분, 서울아산병원 장례식장... ",https://www.meconomynews.com/news/articleView.html?idxno=131468,https://www.meconomynews.com/news/articleView.html?idxno=131468,"Thu, 28 May 2026 16:10:00 +0900",2026-05-29 23:54:08
서울아산병원,서울아산병원,코어라인소프트 'AVIEW' 폐섬유화 예후 예측 가능성 입증,"회사에 따르면 서울아산병원 영상의학과 및 호흡기내과 연구팀은 코어라인소프트의 흉부 AI 플랫폼 '에이뷰(AVIEW)'를 활용해 산출한 폐섬유화 점수(Fibrosis Score, FS)의 변화량이 간질성 폐질환 환자의 질환 진행과... ",https://www.medigatenews.com/news/4087916078,https://www.medigatenews.com/news/4087916078,"Thu, 28 May 2026 15:52:00 +0900",2026-05-29 23:54:08
서울아산병원,서울아산병원,[부고] 최재훈(컬리 부사장)씨 부친상,"▲ 최정길(향년 84세)씨 별세, 김순옥씨 남편상, 최재훈(컬리 상품마케팅총괄 부사장)·최은선씨 부친상, 김상용(유민이엔지 대표)씨 장인상, 장정화씨 시부상 = 27일 오후 7시 43분, 서울아산병원 장례식장... ",http://www.the-biz.co.kr/news/articleView.html?idxno=721523,http://www.the-biz.co.kr/news/articleView.html?idxno=721523,"Thu, 28 May 2026 15:42:00 +0900",2026-05-29 23:54:08
서울아산병원,서울아산병원,[부고]최재훈(컬리 부사장)씨 부친상,"△최정길(향년 84세)씨 별세, 김순옥씨 남편상, 최재훈(컬리 상품마케팅총괄 부사장)·최은선씨 부친상, 김상용(유민이엔지 대표)씨 장인상, 장정화씨 시부상 = 서울아산병원 장례식장 35호실, 발인 30일 오전 9시... ",https://www.nocutnews.co.kr/news/6524206?utm_source=naver&utm_medium=article&utm_campaign=20260528033232,https://n.news.naver.com/mnews/article/079/0004151741?sid=101,"Thu, 28 May 2026 15:33:00 +0900",2026-05-29 23:54:08
서울아산병원,서울아산병원,[부고] 김정훈(세계일보 조사국장)씨 부친상 외,"▲최정길씨 별세, 김순옥씨 남편상, 최재훈(컬리 상품마케팅총괄 부사장)·최은선씨 부친상, 김상용(유민이엔지 대표)씨 장인상, 장정화씨 시부상 = 27일 오후 7시43분, 서울아산병원 장례식장 35호실, 발인 30일... ",https://www.viva100.com/article/20260528500810,https://www.viva100.com/article/20260528500810,"Thu, 28 May 2026 15:06:00 +0900",2026-05-29 23:54:08
서울아산병원,서울아산병원,오늘의 부고-김정훈 세계일보 조사국장 부친상 외,"■최정길씨 별세, 재훈 컬리 상품마케팅총괄 부사장·은선씨 부친상, 김상용 유민이엔지 대표 장인상=27일 서울아산병원. 발인 30일 (02)3010-2000 ■오충섭씨 별세, 은성씨·광진 조선비즈 이코노미조선... ",https://www.khan.co.kr/article/202605281501001,https://n.news.naver.com/mnews/article/032/0003448504?sid=102,"Thu, 28 May 2026 15:01:00 +0900",2026-05-29 23:54:08
서울아산병원,서울아산병원,'오월의 사회과학' 저자 최정운 교수 별세,"연대했던 기간을 '절대공동체'라는 독창적 개념으로 규명하며, 이를 국가 폭력에 맞서 인간 존엄성을 지키려 한 투쟁으로 평가했습니다. 빈소는 서울아산병원 장례식장에 마련됐으며, 발인은 오는 30일 엄수될 예정입니다.",https://kjmbc.co.kr/NewsArticle/1520649,https://kjmbc.co.kr/NewsArticle/1520649,"Thu, 28 May 2026 14:45:00 +0900",2026-05-29 23:54:08
서울아산병원,서울아산병원,[부고] 최재훈(컬리 부사장)씨 부친상,"▲ 최정길(향년 84세)씨 별세, 김순옥씨 남편상, 최재훈(컬리 상품마케팅총괄 부사장)·최은선씨 부친상, 김상용(유민이엔지 대표)씨 장인상, 장정화씨 시부상 = 27일 오후 7시 43분, 서울아산병원 장례식장... ",https://www.thefairnews.co.kr/news/articleView.html?idxno=78182,https://www.thefairnews.co.kr/news/articleView.html?idxno=78182,"Thu, 28 May 2026 14:26:00 +0900",2026-05-29 23:54:08
서울아산병원,서울아산병원,"복지부, 제4차 국가건강검진 종합계획 수립 공청회 개최","이날 공청회에서는 보건복지부의 '제4차 국가건강검진 종합계획(26~30)'(안) 발표에 이어, 선우성 서울 아산병원 교수를 좌장으로 해 '국민이 신뢰하고 만족하는 국가건강검진체계 발전 방안'을 주제로 의료계, 학계 등... ",http://www.doctorstimes.com/news/articleView.html?idxno=238274,http://www.doctorstimes.com/news/articleView.html?idxno=238274,"Thu, 28 May 2026 14:08:00 +0900",2026-05-29 23:54:08
서울아산병원,서울아산병원,[부고] 오광진 씨(이코노미조선 편집장) 부친상,"■ 오충섭 씨 별세, 이현순 씨 남편상, 오은성·광진(조선비즈 이코노미조선 편집장)·은경 씨 부친상, 이재영 씨 장인상 = 28일, 서울아산병원 장례식장 6호실, 발인 30일 오전 8시, 장지 국립서울현충원, (02)3010-2000... ",https://www.news1.kr/life-culture/press/6180308,https://n.news.naver.com/mnews/article/421/0008971205?sid=102,"Thu, 28 May 2026 14:08:00 +0900",2026-05-29 23:54:08
서울아산병원,서울아산병원,"크립토랩, KT와 AI 의료 보험심사 자동화 솔루션 공동 연구개발 협약 체...","KT 보안 클라우드에 크립토랩 동형암호 기반 AI 보안 미들웨어 결합 왼쪽부터 분당서울대병원 유형원 교수, 크립토랩 천정희 대표, KT Frontier AI Lab장 박재형 상무, 서울아산병원 서준규 교수. 사진=크립토랩... ",http://www.segyebiz.com/newsView/20260528510416?OutUrl=naver,http://www.segyebiz.com/newsView/20260528510416?OutUrl=naver,"Thu, 28 May 2026 14:00:00 +0900",2026-05-29 23:54:08
서울아산병원,서울아산병원,[부고] 최재훈(컬리 부사장)씨 부친상,"▲ 최정길(향년 84세)씨 별세, 김순옥씨 남편상, 최재훈(컬리 상품마케팅총괄 부사장)·최은선씨 부친상, 김상용(유민이엔지 대표)씨 장인상, 장정화씨 시부상 = 27일 오후 7시 43분, 서울아산병원 장례식장 35호실, 발인... ",https://www.startuptoday.co.kr/news/articleView.html?idxno=802228,https://www.startuptoday.co.kr/news/articleView.html?idxno=802228,"Thu, 28 May 2026 13:38:00 +0900",2026-05-29 23:54:08
서울아산병원,서울아산병원,[부음] 최재훈(컬리 부사장)씨 부친상,"▲최정길(향년 84세)씨 별세, 김순옥씨 남편상, 최재훈(컬리 상품마케팅총괄 부사장)·은선씨 부친상, 김상용(유민이엔지 대표)씨 장인상, 장정화씨 시부상 = 27일 오후 7시 43분, 서울아산병원 장례식장 35호실... ",https://it.chosun.com/news/articleView.html?idxno=2023092162916,https://it.chosun.com/news/articleView.html?idxno=2023092162916,"Thu, 28 May 2026 13:38:00 +0900",2026-05-29 23:54:08
서울아산병원,서울아산병원,[부음] 오광진(조선비즈 이코노미조선 편집장)씨 부친상,"▲오충섭(향년 93세)씨 별세, 이현순씨 남편상, 오은성·광진(조선비즈 이코노미조선 편집장)·은경씨 부친상, 이재영씨 장인상 = 28일 오전 5시, 서울아산병원 장례식장 6호실, 발인 30일 오전 8시, 장지... ",https://it.chosun.com/news/articleView.html?idxno=2023092162915,https://it.chosun.com/news/articleView.html?idxno=2023092162915,"Thu, 28 May 2026 13:36:00 +0900",2026-05-29 23:54:08
서울아산병원,서울아산병원,[부음] 오광진(조선비즈 이코노미조선 편집장)씨 부친상,"▲오충섭씨 별세, 이현순씨 남편상, 오은성·광진(조선비즈 이코노미조선 편집장)·은경씨 부친상, 이재영씨 장인상=28일, 서울아산병원 장례식장 6호실, 발인 30일. (02)3010-2000",https://www.etnews.com/20260528000259,https://n.news.naver.com/mnews/article/030/0003432200?sid=102,"Thu, 28 May 2026 13:29:00 +0900",2026-05-29 23:54:08
서울아산병원,서울아산병원,[부음] 최재훈(컬리 부사장)씨 부친상,"▲최정길씨 별세, 김순옥씨 남편상, 최재훈(컬리 상품마케팅총괄 부사장)·은선씨 부친상, 김상용(유민이엔지 대표)씨 장인상, 장정화씨 시부상=27일, 서울아산병원 장례식장 35호실, 발인 30일. (02)3010-2000",https://www.etnews.com/20260528000260,https://n.news.naver.com/mnews/article/030/0003432199?sid=102,"Thu, 28 May 2026 13:29:00 +0900",2026-05-29 23:54:08
서울아산병원,서울아산병원,[부고] 최재훈(컬리 부사장)씨 부친상,"▲ 최정길(향년 84세)씨 별세, 김순옥씨 남편상, 최재훈(컬리 상품마케팅총괄 부사장)·최은선씨 부친상, 김상용(유민이엔지 대표)씨 장인상, 장정화씨 시부상 = 27일 오후 7시 43분, 서울아산병원 장례식장 35호실... ",https://www.cnbizm.com/news/articleView.html?idxno=304090,https://www.cnbizm.com/news/articleView.html?idxno=304090,"Thu, 28 May 2026 13:20:00 +0900",2026-05-29 23:54:08
서울아산병원,서울아산병원,<오늘의 부고>,"아주경제=정세희 기자 ssss308@ajunews.com ▲ 최정길씨 별세, 김순옥씨 배우자상, 재훈(컬리 상품마케팅총괄 부사장)·은선씨 부친상, 김상용씨(유민이엔지 대표) 장인상, 장정화씨 시부상 = 27일, 서울아산병원... ",https://www.ajunews.com/view/20260528125542304,https://www.ajunews.com/view/20260528125542304,"Thu, 28 May 2026 12:58:00 +0900",2026-05-29 23:54:08
아산병원,아산병원,"김태흠 충남도지사 후보 ""도지사는 성과로 평가받는 자리""","또한 임기 중 삼성디스플레이 OLED 생산라인 4조 1000억 원 투자유치, 아산만 순환철도 조기 완성 추진, 아산 경찰병원 건립 확정 등 굵직한 성과를 이어온 점을 강조하며, 이번 지방선거 아산 공약으로 e-스포츠 경기장... ",https://news.tf.co.kr/read/national/2327692.htm,https://n.news.naver.com/mnews/article/629/0000503473?sid=102,"Fri, 29 May 2026 17:31:00 +0900",2026-05-29 23:54:10
아산병원,아산병원,"아산 찾은 김태흠 후보 ""국비·투자유치 성과로 평가해달라""","특히 김 후보는 2023년 삼성디스플레이 OLED 생산라인 4조 1000억 원 투자유치, 아산만 순환철도 조기 완성 추진, 아산 경찰병원 건립 확정, 2025년 기준 27개 기업 3조 2000억 원 투자유치 등을 아산 발전 성과로 제시했다.... ",https://www.newsfreezone.co.kr/news/articleView.html?idxno=692297,https://www.newsfreezone.co.kr/news/articleView.html?idxno=692297,"Fri, 29 May 2026 16:54:00 +0900",2026-05-29 23:54:10
아산병원,아산병원,"보성군, 공보의 감소 대응 ‘시니어 의사 채용’···의료 공백 최소화...",특히 보성아산병원과 벌교삼호병원 응급실의 24시간 운영을 위해 재정적·행정적 지원을 지속하며 지역 응급의료 공백 최소화에 나서고 있다. 김학성 보성군 보건소장은 “공보의 감소라는 어려운 여건 속에서도 시니어... ,https://www.seoul.co.kr/news/publicnews/2026/05/29/20260529500080?wlog_tag3=naver,https://n.news.naver.com/mnews/article/081/0003647986?sid=100,"Fri, 29 May 2026 10:52:00 +0900",2026-05-29 23:54:10
아산병원,아산병원,"보성군, 농어촌 의료 공백 막는다…‘시니어 의사’ 전격 채용","특히 관내 주요 의료기관인 보성아산병원과 벌교삼호병원 응급실이 24시간 중단 없이 운영될 수 있도록 재정적·행정적 지원을 지속하며, 지역 내 응급의료 공백을... ",http://www.breaknews.com/1210584,http://www.breaknews.com/1210584,"Thu, 28 May 2026 23:26:00 +0900",2026-05-29 23:54:10
아산병원,아산병원,"내 몸에 맞는 암 치료법, 인공지능이 알려준다 [서울포럼 2026]","황 소장은 미국의 암 정복 프로젝트 ‘캔서 문샷’을 통해 하버드대, 컬럼비아대, 한국의 아산병원, 세브란스병원, 성모병원 등과 손잡았다. LG AI연구원과 협업해 1분 이내 조직 내 암 유전자 활성을 예측하는 병리 AI를... ",https://www.sedaily.com/article/20049416?ref=naver,https://n.news.naver.com/mnews/article/011/0004625534?sid=105,"Thu, 28 May 2026 17:57:00 +0900",2026-05-29 23:54:10
아산병원,아산병원,"보성군, 의료 공백 대응 '시니어 의사 채용'...내달 1일부터 진료","특히 보성아산병원과 벌교삼호병원 응급실의 24시간 운영을 위해 재정적·행정적 지원을 지속하며 지역 응급의료 공백 최소화에 나서고 있다. 김학성 보성군 보건소장은 ""공보의 감소라는 어려운 여건 속에서도 시니어... ",https://daily.hankooki.com/news/articleView.html?idxno=1371597,https://daily.hankooki.com/news/articleView.html?idxno=1371597,"Thu, 28 May 2026 17:42:00 +0900",2026-05-29 23:54:10
아산병원,아산병원,"보성군, 시니어 의사 채용해 의료 공백 대응",야간과 휴일 등 취약 시간대 대응을 위해 응급실 운영비도 지원하고 있다. 특히 보성아산병원과 벌교삼호병원 응급실이 24시간 운영될 수 있도록 재정적·행정적 지원을 지속해 지역 응급의료 공백을 최소화한다는 방침이다.,https://www.betanews.net/article/view/beta202605280069,https://www.betanews.net/article/view/beta202605280069,"Thu, 28 May 2026 16:48:00 +0900",2026-05-29 23:54:10
아산병원,아산병원,"보성군, '전국적 공보의 감소' 대응 시니어 의사 채용…의료 공백 최소...",현재 보성아산병원과 벌교삼호병원 응급실이 24시간 중단 없이 가동될 수 있도록 재정과 행정 양면에서 지원을 아끼지 않고 있다. 이는 지역 내 응급 상황 발생 시 발생할 수 있는 의료 공백을 방지하기 위한 조치다. 김학성... ,https://www.namdonews.com/news/articleView.html?idxno=911907,https://www.namdonews.com/news/articleView.html?idxno=911907,"Thu, 28 May 2026 14:52:00 +0900",2026-05-29 23:54:10
아산병원,아산병원,"보성군, 공보의 감소 대응 '시니어 의사' 채용…의료 공백 최소화 나서","특히 보성아산병원과 벌교삼호병원 응급실의 24시간 운영을 위해 재정적·행정적 지원을 지속하며 지역 응급의료 공백 최소화에 집중하고 있다. 보성지역 한 주민은 ""농촌 지역은 병원 접근성이 떨어져 의료 공백이 생기면... ",https://www.polinews.co.kr/news/articleView.html?idxno=732463,https://www.polinews.co.kr/news/articleView.html?idxno=732463,"Thu, 28 May 2026 14:42:00 +0900",2026-05-29 23:54:10
아산병원,아산병원,"보성군, 시니어 의사 채용…6월부터 보건소 진료","특히 보성아산병원과 벌교삼호병원 응급실의 24시간 운영을 위한 재정·행정 지원을 이어가며 지역 응급의료 공백 최소화를 추진하고 있다. 김학성 보건소장은 ""공중보건의 감소 상황에서도 시니어 의사 채용과 응급실... ",https://www.shinailbo.co.kr/news/articleView.html?idxno=5025146,https://www.shinailbo.co.kr/news/articleView.html?idxno=5025146,"Thu, 28 May 2026 14:36:00 +0900",2026-05-29 23:54:10
아산병원,아산병원,"보성군, '시니어 의사'로 의료공백 막는다... 6월 1일부터 보건소 진료 ...",특히 보성아산병원과 벌교삼호병원 응급실의 24시간 운영을 위해 재정적·행정적 지원을 이어가고 있다. 군은 이런 지원을 통해 지역 주민이 응급상황에서 제때 진료를 받을 수 있는 기반을 유지하는 데 주력하고 있다.... ,http://www.newsworker.co.kr/news/articleView.html?idxno=428856,http://www.newsworker.co.kr/news/articleView.html?idxno=428856,"Thu, 28 May 2026 14:32:00 +0900",2026-05-29 23:54:10
서울대병원,서울대병원,AI 기반 환자 의뢰·회송 체계 올 하반기 도입…중복 검사 없는 연속 진...,▲ 서울·경기 권역: 서울대병원 ↔ 서울의료원 ↔ 성남시의료원▲ 강원 권역: 강원대병원 ↔ 영월의료원 ↔ 강릉의료원 ↔ 평창 보건의료원▲ 전남 권역: 전남대병원 ↔ 광주기독병원 선정된 공공병원에는 올 하반기... ,https://medicalworldnews.co.kr/news/view.php?idx=1510974978,https://medicalworldnews.co.kr/news/view.php?idx=1510974978,"Fri, 29 May 2026 23:40:00 +0900",2026-05-29 23:54:12
서울대병원,서울대병원,"전공의 다기관 협력수련 시범사업, 15개 네트워크로 확대","보건복지부가 5월 29일 전공의의 다양한 임상 경험을 지원하기 위해 서울대병원·인하대병원 등 15개 협력수련 네트워크를 2026년도 다기관 협력수련 시범사업 참여 기관으로 선정하고, 오는 6월 1일부터 본격 사업에... ",https://medicalworldnews.co.kr/news/view.php?idx=1510974977,https://medicalworldnews.co.kr/news/view.php?idx=1510974977,"Fri, 29 May 2026 22:40:00 +0900",2026-05-29 23:54:12
서울대병원,서울대병원,[WCHR 2026] '바르는 탈모약' 미녹시딜…아는 것이 힘!,분당서울대병원 피부과 신정원 교수는 미녹시딜 외용제의 제형 변화를 통해 환자들이 얻을 수 있는 이점과 올바른 사용법 등을 전달하며 청중의 이해를 도왔다. 미녹시딜 외용제 역시 꾸준히 사용해야 효과를 볼 수... ,https://www.k-health.com/news/articleView.html?idxno=92687,https://www.k-health.com/news/articleView.html?idxno=92687,"Fri, 29 May 2026 18:30:00 +0900",2026-05-29 23:54:12
서울대병원,서울대병원,서울대병원 등 15곳 '전공의 협력수련 시범사업' 선정,올해는 작년부터 사업에 참여했던 고신대복음병원·분당서울대병원·서울대병원·인하대병원·한양대병원 등 5곳에 더해 고려대구로병원 등 10개 의료기관이 새로 참여하게 됐습니다. 이번 사업은 수련 기반과 역량을... ,https://biz.sbs.co.kr/article_hub/20000313508?division=NAVER,https://n.news.naver.com/mnews/article/374/0000513110?sid=101,"Fri, 29 May 2026 18:22:00 +0900",2026-05-29 23:54:12
서울대병원,서울대병원,"복지부, 전공의 협력수련 시범사업 서울대병원 등 15곳 선정","보건복지부가 '2026년도 다기관 협력수련 시범사업'에 서울대병원 등 15개 협력수련 네트워크가 선정됐다고 29일 밝혔다. 이 사업은 전공의가 지역·일차의료, 공공의료, 전문진료 등 다양한 임상을 경험할 수 있도록 여러... ",https://www.newsis.com/view/NISX20260529_0003649775,https://n.news.naver.com/mnews/article/003/0013976630?sid=102,"Fri, 29 May 2026 18:22:00 +0900",2026-05-29 23:54:12
서울대병원,서울대병원,전공의 수련병원 울타리 깬다…15개 협력네트워크 본격 가동,지난해부터 사업에 참여한 △고신대복음병원 △분당서울대병원 △서울대병원 △인하대병원 △한양대병원은 올해도 시범사업을 이어간다. 고려대구로병원 등 10개 네트워크는 새로 참여한다. 신규 참여 책임기관은... ,https://www.edaily.co.kr/news/newspath.asp?newsid=06156566645453840,https://n.news.naver.com/mnews/article/018/0006293643?sid=102,"Fri, 29 May 2026 18:13:00 +0900",2026-05-29 23:54:12
서울대병원,서울대병원,"아이넥스 ""AI, 내시경 검사 질(質) 높인다""","이번 연구에는 서울대병원 강남센터를 비롯해 서울대병원, 부산대병원, 인제대학교 부산백병원 총 4개 기관의 내시경 의사 35명이 참여했다. 참가자는 광학진단 교육 및 경험 수준에 따라 숙련된 전문가... ",https://www.dailymedi.com/news/news_view.php?wr_id=936913,https://www.dailymedi.com/news/news_view.php?wr_id=936913,"Fri, 29 May 2026 18:10:00 +0900",2026-05-29 23:54:12
서울대병원,서울대병원,"다기관 협력수련 15개 네트워크 선정…""지역완결형 수련체계 구축""","올해는 고신대 복음병원, 분당서울대병원, 서울대병원, 인하대병원, 한양대병원 등 지난해 참여 기관이 사업을 이어가는 가운데, 고대 구로병원 등 10개 네트워크가 새롭게 합류했다. 복지부는 이번 사업이 권역별... ",http://www.docdocdoc.co.kr/news/articleView.html?idxno=3039595,http://www.docdocdoc.co.kr/news/articleView.html?idxno=3039595,"Fri, 29 May 2026 18:06:00 +0900",2026-05-29 23:54:12
서울대병원,서울대병원,"복지부, 다기관 협력수련 시범사업 15개 네트워크 선정","지난해부터 사업에 참여했던 고신대복음병원, 분당서울대병원, 서울대병원, 인하대병원, 한양대병원은 올해도 연속 참여한다. 여기에 고려대구로병원 등 10개 네트워크가 새롭게 합류하면서 사업 규모가 확대됐다.... ",http://www.whosaeng.com/170956,http://www.whosaeng.com/170956,"Fri, 29 May 2026 17:56:00 +0900",2026-05-29 23:54:12
서울대병원,서울대병원,전공의 협력수련 시범사업에 서울대병원 등 15곳 선정,올해는 작년부터 사업에 참여했던 고신대복음병원·분당서울대병원·서울대병원·인하대병원·한양대병원 등 5곳에 더해 고려대구로병원 등 10개 의료기관이 새로 참여하게 됐다. 이번 사업은 수련 기반과 역량을 갖춘... ,https://www.yna.co.kr/view/AKR20260529148900530?input=1195m,https://n.news.naver.com/mnews/article/001/0016108357?sid=102,"Fri, 29 May 2026 17:45:00 +0900",2026-05-29 23:54:12
서울대병원,서울대병원,전공의 다양한 임상경험 지원 ‘협력수련 네트워크’ 15개 선정,"작년부터 해당 사업에 참여한 고신대복음병원, 분당서울대병원, 서울대병원, 인하대병원, 한양대병원은 올해도 시범사업에 참여한다. 여기에 더해 동아대병원과 울산대병원을 비롯해 고려대구로병원, 고려대안산병원... ",https://www.busan.com/view/busan/view.php?code=2026052917410033801,https://n.news.naver.com/mnews/article/082/0001383033?sid=102,"Fri, 29 May 2026 17:44:00 +0900",2026-05-29 23:54:12
서울대병원,서울대병원,다양한 의료현장서 전공의 수련...다기관 협력수련 15개 네트워크 선정,"지난해부터 사업에 참여한 고신대복음병원, 분당서울대병원, 서울대병원, 인하대병원, 한양대병원은 올해도 사업을 이어간다. 고려대구로병원 등 10개 네트워크는 신규 참여 기관으로 선정됐다. 선정된 협력수련... ",https://www.rapportian.com/news/articleView.html?idxno=236579,https://www.rapportian.com/news/articleView.html?idxno=236579,"Fri, 29 May 2026 17:36:00 +0900",2026-05-29 23:54:12
서울대병원,서울대병원,"복지부, 다기관 협력수련 기관 서울대병원 등 15곳 선정","보건복지부는 '2026년도 다기관 협력수련 시범사업'에 서울대병원 등 15개 협력수련 네트워크를 선정했다고 29일 밝혔다. 다기관 협력수련 시범사업은 전공의가 지역·일차의료, 공공의료, 전문진료 등 다양한 임상을... ",https://www.news1.kr/bio/welfare-medical/6182008,https://n.news.naver.com/mnews/article/421/0008974324?sid=105,"Fri, 29 May 2026 17:30:00 +0900",2026-05-29 23:54:12
서울대병원,서울대병원,"﻿""AI 의뢰·회송, 환자 연속진료 보장·의료비 절감""","서울·경기 권역의 경우 서울대병원 ↔ 서울의료원 ↔ 성남시의료원 간 시스템이 구축됐다. 강원 권역은 강원대병원 ↔ 영월의료원 ↔ 강릉의료원 ↔ 평창보건의료원, 전남 권역은 전남대병원 ↔ 광주기독병원이... ",https://www.dailymedi.com/news/news_view.php?wr_id=936891,https://www.dailymedi.com/news/news_view.php?wr_id=936891,"Fri, 29 May 2026 17:00:00 +0900",2026-05-29 23:54:12
서울대병원,서울대병원,"식약처장 ""K-의료기기가 세계로 나가도록 적극 지원""",대통령 표창은 ▲동방의료기 이진휴 대표 ▲서울대병원 이형철 교수 ▲동국의대 남기창 교수 ▲전북대병원 고명환 교수 ▲대한의사협회 이주병 부회장에게 수여됐다. 국무총리표창은 ▲알에프메디컬 유경훈 대표... ,http://www.docdocdoc.co.kr/news/articleView.html?idxno=3039583,http://www.docdocdoc.co.kr/news/articleView.html?idxno=3039583,"Fri, 29 May 2026 16:58:00 +0900",2026-05-29 23:54:12
서울대병원,서울대병원,[2026 강원의 선택]한왕기 평창군수 후보 사전투표 “서울대 병원 유치...,대화면 유세 현장에서는 서울대학교병원 평창분원 유치와 그린바이오 산업단지 조성 등을 핵심으로 제시했다. 한 후보는 “평창의 현실과 군민들의 열망을 누구보다 잘 알고 있다”며 “당선되면 여당 군수로서... ,https://www.kwnews.co.kr/page/view/2026052950039700000,https://n.news.naver.com/mnews/article/087/0001196279?sid=102,"Fri, 29 May 2026 16:23:00 +0900",2026-05-29 23:54:12
서울대병원,서울대병원,"하반기 AI 기반 환자 의뢰·회송 시스템 도입…""중복검사·의료비 줄인다...","보건복지부는 29일 서울대병원에서 AI 기반 환자 의뢰·회송 체계 기술 시연을 참관하고, 정책 간담회를 열어 현장 의견을 청취했다. 복지부는 이날 지역-권역 책임의료기관 간 중증·응급 환자 진료 연계에 접목할 AI... ",http://www.hemophilia.co.kr/news/articleView.html?idxno=42369,http://www.hemophilia.co.kr/news/articleView.html?idxno=42369,"Fri, 29 May 2026 16:12:00 +0900",2026-05-29 23:54:12
서울대병원,서울대병원,"""초고령 사회 해법은 '디지털 돌봄'…예방 중심 관리체계 구축해야""","한국일차보건의료학회는 지난 22일 서울대치과병원에서 창립 10주년 기념 춘계학술대회를 개최하고 '지역사회 디지털 돌봄, 어떻게 해야 하나?'를 주제로 지역사회 기반 예방관리와 디지털 헬스의 역할을 논의했다고 29일... ",https://www.news1.kr/bio/general/6181822,https://n.news.naver.com/mnews/article/421/0008974093?sid=105,"Fri, 29 May 2026 15:52:00 +0900",2026-05-29 23:54:12
서울대병원,서울대병원,"턱관절장애 원데이 세미나, 누적 8,250명","17일 서울대치과병원에서 개최됐다. 사전등록한 150명의 치과의사들로 강연장을 가득 채운 가운데, 진료와 경영에 도움이 되는 턱관절장애 강연을 선보여 집중도를 높였다. 첫 번째 연자로 나선 김욱 원장은... ",https://www.dentalnews.or.kr/news/article.html?no=47400,https://www.dentalnews.or.kr/news/article.html?no=47400,"Fri, 29 May 2026 15:40:00 +0900",2026-05-29 23:54:12
서울대병원,서울대병원,"시흥시, 배곧 복합문화중심도시 조성 본격화…4만㎡ 부지 민간공모 추진","시흥배곧서울대병원은 진료와 연구가 융합된 미래형 병원으로, 오는 2029년 개원을 목표로 본공사 계약 체결 후 본격적인 건축 단계에 진입했다. 병원 내에 7개의 특화 진료 센터와 함께 7개의 연구소 공간이 유기적으로... ",https://www.cnbnews.com/news/articleView.html?idxno=1003043,https://www.cnbnews.com/news/articleView.html?idxno=1003043,"Fri, 29 May 2026 15:22:00 +0900",2026-05-29 23:54:12
서울대병원,서울대병원,"아이엠비디엑스, ASCO서 '캔서디텍트' 대장암 임상 연구 발표",첫 번째 발표는 한세원 서울대병원 교수팀을 비롯한 국내 주요 상급종합병원이 참여한 'CLAUDIA(KCSG CO22-12)' 연구의 중간 분석 결과다. 연구는 근치적 절제술을 받은 2~3기 대장암 환자 809명을 대상으로 수술 후... ,https://www.rapportian.com/news/articleView.html?idxno=236563,https://www.rapportian.com/news/articleView.html?idxno=236563,"Fri, 29 May 2026 15:14:00 +0900",2026-05-29 23:54:12
서울대병원,서울대병원,"명확한 진단과 지원 체계 부족...서대문구, '경계선 지능 진단검사 지원...","서울대병원에 따르면 경계성 지능은 지적장애 수준은 아니지만 평균보다 낮은 지적 능력을 의미하며, 일반적으로 지능지수(IQ)가 70~85 사이로 측정되는 경우를 말한다. 개념적, 사회적, 실행적 영역에서 기능의 저하가... ",https://www.cnbizm.com/news/articleView.html?idxno=304248,https://www.cnbizm.com/news/articleView.html?idxno=304248,"Fri, 29 May 2026 14:26:00 +0900",2026-05-29 23:54:12
서울대병원,서울대병원,"아이넥스 ""에나드 캐드엑스, 내시경 검사 진단 정확도 향상""","이번 연구에는 서울대병원 강남센터, 서울대병원, 부산대병원, 인제대 부산백병원 등 4개 기관의 내시경 의사 35명이 참여했다. 참가자들은 광학 진단 교육 및 경험 수준에 따라 ▲숙련된 전문가 ▲전문가... ",https://www.rapportian.com/news/articleView.html?idxno=236558,https://www.rapportian.com/news/articleView.html?idxno=236558,"Fri, 29 May 2026 14:26:00 +0900",2026-05-29 23:54:12
서울대병원,서울대병원,"하반기부터 AI 기반 환자 의뢰·회송 체계 도입...""중복검사 줄여 의료비...",보건복지부는 정경실 보건의료정책실장이 29일 서울대병원을 방문해 올해 하반기 의료 현장에 본격 도입될 '인공지능(AI) 기반 환자 의뢰·회송 체계' 기술 시연을 참관하고 정책 간담회를 통해 현장 의견을... ,https://www.rapportian.com/news/articleView.html?idxno=236562,https://www.rapportian.com/news/articleView.html?idxno=236562,"Fri, 29 May 2026 14:26:00 +0900",2026-05-29 23:54:12
서울대병원,서울대병원,"정경실 복지부 실장, 올 하반기 도입할 환자 의뢰·회송 AX 점검",정경실 보건복지부(장관 정은경) 보건의료정책실장은 29일 서울대병원을 방문해 올해 하반기 의료 현장에 본격 도입될 '인공지능(AI) 기반 환자 의뢰·회송 체계'의 기술 시연을 참관하고 정책 간담회를 통해 현장... ,http://www.doctorstimes.com/news/articleView.html?idxno=238311,http://www.doctorstimes.com/news/articleView.html?idxno=238311,"Fri, 29 May 2026 14:12:00 +0900",2026-05-29 23:54:12
서울대병원,서울대병원,"""내시경 AI 분명한 효과 있다""…초보 의사 진단 정확도 높여","이에 따라 아이넥스는 서울대병원과 부산대병원, 인제대 부산백병원 총 4개 기관의 내시경 의사 35명을 대상으로 AI 솔루션이 이에 도움이 되는지를 확인하기 위한 연구를 진행했다.참가자는 광학진단 교육... ",https://www.medicaltimes.com/Main/News/NewsView.html?ID=1168980&ref=naverpc,https://www.medicaltimes.com/Main/News/NewsView.html?ID=1168980&ref=naverpc,"Fri, 29 May 2026 13:06:00 +0900",2026-05-29 23:54:12
서울대병원,서울대병원,"복지부, '의뢰·회송 AX' 하반기 도입…의료 AI 대전환 속도",복지부 정경실 보건의료정책실장이 서울대병원을 방문해 'AI 기반 환자 의뢰·회송 체계' 기술 시연을 참관하고 현장 의견을 청취했다.이번 방문은 지역 책임의료기관과 권역 책임의료기관 간 중증·응급 환자 진료... ,https://www.medicaltimes.com/Main/News/NewsView.html?ID=1168983&ref=naverpc,https://www.medicaltimes.com/Main/News/NewsView.html?ID=1168983&ref=naverpc,"Fri, 29 May 2026 13:06:00 +0900",2026-05-29 23:54:12
서울대병원,서울대병원,"환자기본법 시행 1년 앞…""정책국 신설·통합지원센터 설립 필요""","패널토의에서 권용진 서울대병원 공공진료센터 교수는 환자기본법 시행을 위한 하위법령 제정 과정에서 환자정책위원회 구성과 등록 환자단체 요건, 환자정책 기본계획의 평가 지표 설정이 핵심 쟁점이 될 것으로 봤다.... ",https://www.hitnews.co.kr/news/articleView.html?idxno=76473,https://www.hitnews.co.kr/news/articleView.html?idxno=76473,"Fri, 29 May 2026 12:00:00 +0900",2026-05-29 23:54:12
서울대병원,서울대병원,"'땀' 스트레스 다한증, 치료 선택지 확대","신정원 분당서울대병원 피부과 교수는 “다한증은 환자들이 일상에서 겪는 불편이 큰 질환이지만, 치료에 대한 부담 때문에 관리를 미루는 경우도 적지 않다”라며 “바르는 치료는 환자가 생활 속에서 비교적 간편하게... ",https://zdnet.co.kr/view/?no=20260529113426,https://n.news.naver.com/mnews/article/092/0002424658?sid=105,"Fri, 29 May 2026 11:55:00 +0900",2026-05-29 23:54:12
서울대병원,서울대병원,"아이엠비디엑스, ASCO서 '캔서디텍트' 대장암 MRD 데이터 공개…""재발 예...","현재 서울대병원 등 국내 주요 병원은 물론 일본·대만·태국·인도네시아·코스타리카 등 해외 의료기관에서도 캔서디텍트 서비스를 운영 중이다. ASCO는 세계 최대 규모 암 학회로 글로벌 제약사와 병원, 투자기관... ",https://www.biotimes.co.kr/news/articleView.html?idxno=32073,https://www.biotimes.co.kr/news/articleView.html?idxno=32073,"Fri, 29 May 2026 11:50:00 +0900",2026-05-29 23:54:12
서울대병원,서울대병원,표적치료시대 비후성 심근증 국내 첫 가이드' 출간,﻿﻿서울대병원은 순환기내과 김형관 교수팀(박준빈·곽순구 교수)을 중심으로 국내 주요 상급종합병원의 비후성 심근증 전문가 12명이 모여 환자와 가족을 위한 종합 안내서인 ‘비후성 심근증 환자를 위한 동행 가이드’... ,https://www.dailymedi.com/news/news_view.php?wr_id=936896,https://www.dailymedi.com/news/news_view.php?wr_id=936896,"Fri, 29 May 2026 11:16:00 +0900",2026-05-29 23:54:12
서울대병원,서울대병원,"""2인실에 부부가 나란히""…병원 입원실 '남녀 분리' 의무 사라진다",서울대병원의 소아 중증 환자 가정 위한 '도토리하우스'. (사진=연합뉴스) 보건복지부는 29일 이 같은 내용을 골자로 하는 ‘의료법 시행규칙 일부 개정령안’을 마련하고 오는 7월 6일까지 국민의 의견을 수렴하는... ,https://www.edaily.co.kr/news/newspath.asp?newsid=03788406645453840,https://n.news.naver.com/mnews/article/018/0006293037?sid=102,"Fri, 29 May 2026 11:10:00 +0900",2026-05-29 23:54:12
서울대병원,서울대병원,"여행 전 꼭 챙겨야 할 건강관리: 상비약부터 만성질환, 시차 적응까지 ...","서울대병원 가정의학과 조비룡 교수의 주제처럼, 여행은 즐겁지만 준비가 부족하면 감기·소화불량·탈수 같은 작은 문제부터 만성질환 악화까지 이어질 수 있습니다. 특히 평소 복용하는 약, 나라별 필요한 상비약, 장시간... ",http://aftertherain.kr/sub/contents/view.php?seq=97102,http://aftertherain.kr/sub/contents/view.php?seq=97102,"Fri, 29 May 2026 11:02:00 +0900",2026-05-29 23:54:12
서울대병원,서울대병원,하반기 의료 현장에 AI 기반 환자 의뢰·회송 체계 도입,정경실 보건복지부 보건의료정책실장은 29일 서울 종로구 서울대병원에서 AI 기반 환자 의뢰·회송 체계 기술 시연을 참관하고 정책 간담회를 진행했다. 이번 방문은 지역과 권역 책임의료기관 간 진료정보를 교류하고... ,https://news.cpbc.co.kr/article/1173229?division=NAVER,https://news.cpbc.co.kr/article/1173229?division=NAVER,"Fri, 29 May 2026 10:56:00 +0900",2026-05-29 23:54:12
서울대병원,서울대병원,"복지부, 환자 의뢰·회송 자동화 본격 시동…EMR·PACS 직접 연동","서울·경기 권역은 서울대병원-서울의료원-성남시의료원, 강원 권역은 강원대병원-영월의료원-강릉의료원-평창보건의료원, 전남 권역은 전남대병원-광주기독병원이 참여한다. 복지부는 올해 하반기 추진 예정인... ",https://www.apsk.co.kr/news/articleView.html?idxno=539470,https://www.apsk.co.kr/news/articleView.html?idxno=539470,"Fri, 29 May 2026 10:48:00 +0900",2026-05-29 23:54:12
서울대병원,서울대병원,'비후성 심근증' 환자 궁금증 한 권에…전문의 12명이 설명해주는 안내...,김형관 서울대병원 순환기내과 교수 연구팀(박준빈·곽순구 교수)을 비롯한 국내 주요 상급종합병원 비후성 심근증 전문가 12명은 환자 안내서인 ‘비후성 심근증 환자를 위한 동행 가이드’를 최근 출간했다. 비후성... ,https://www.dailian.co.kr/news/view/1650168/?sc=Naver,https://n.news.naver.com/mnews/article/119/0003095756?sid=103,"Fri, 29 May 2026 10:46:00 +0900",2026-05-29 23:54:12
서울대병원,서울대병원,하반기 의료 현장에 AI 의뢰·회송…서울·강원·전남 시범 운영,정경실 보건복지부 보건의료정책실장은 29일 서울 종로구 서울대병원에서 AI 기반 환자 의뢰·회송 체계 기술 시연을 참관하고 정책 간담회를 진행했다. 이번 방문은 지역 책임의료기관(2차 의료기관)과 권역... ,https://www.widedaily.com/news/articleView.html?idxno=294848,https://www.widedaily.com/news/articleView.html?idxno=294848,"Fri, 29 May 2026 10:38:00 +0900",2026-05-29 23:54:12
서울대병원,서울대병원,"서울대병원, 비후성 심근증 환자 위한 동행 가이드 국내 첫 발간",서울대병원은 순환기내과 김형관 교수 연구팀(박준빈·곽순구 교수)을 중심으로 분당서울대병원·삼성서울병원·서울성모병원·보라매병원·순천향대병원·아주대병원 등 국내 주요 상급종합병원 비후성 심근증 전문의... ,https://www.hinews.co.kr/view.php?ud=202605291031133469dacadeb388_48,https://www.hinews.co.kr/view.php?ud=202605291031133469dacadeb388_48,"Fri, 29 May 2026 10:34:00 +0900",2026-05-29 23:54:12
서울대병원,서울대병원,"조달청, 6월 건축·기계공사 35건 7801억원 발주","완충저류시설 설치사업(토목·기계·조경)'(191억원), 분당서울대병원의 '지석영의생명연구소 증축공사(건축·토목·기계설비·조경)'(122억원) 등 기계설비 관련 공사도 6월 중 순차적으로 공고될 예정이다.",http://www.kmecnews.co.kr/news/articleView.html?idxno=47310,http://www.kmecnews.co.kr/news/articleView.html?idxno=47310,"Fri, 29 May 2026 10:22:00 +0900",2026-05-29 23:54:12
서울대병원,서울대병원,"서울대병원, 환자 맞춤형 '비후성 심근증 환자를 위한 동행 가이드' 출...",서울대병원은 순환기내과 김형관 교수 연구팀(박준빈·곽순구 교수)을 중심으로 국내 주요 상급종합병원의 비후성 심근증 전문가 12명이 모여 환자와 가족을 위한 종합 안내서인 '비후성 심근증 환자를 위한 동행 가이드... ,https://www.rapportian.com/news/articleView.html?idxno=236542,https://www.rapportian.com/news/articleView.html?idxno=236542,"Fri, 29 May 2026 10:18:00 +0900",2026-05-29 23:54:12
서울대병원,서울대병원,"[신간] 서울대병원, 환자 맞춤형 '비후성 심근증 환자를 위한 동행 가이...",서울대병원은 김형관 순환기내과 교수 연구팀(박준빈·곽순구 교수)을 중심으로 국내 주요 상급종합병원의 비후성 심근증 전문가 12명이 모여 환자와 가족을 위한 종합 안내서인 '비후성 심근증 환자를 위한 동행 가이드'를... ,http://www.doctorstimes.com/news/articleView.html?idxno=238299,http://www.doctorstimes.com/news/articleView.html?idxno=238299,"Fri, 29 May 2026 10:14:00 +0900",2026-05-29 23:54:12
서울대병원,서울대병원,모발학계 올림픽 '세계모발학회 2026' 서울서 개막,"올해는 분당서울대병원 허창훈 교수와 서울대병원 권오상 교수, 부산대병원 김문범 교수 등 3명이 공동 대회장을 맡고 대한모발학회(KHRS)가 주최했습니다. 한국에서 이 학회가 열리는 것은 2014년 제주 개최 이후 12년... ",http://www.mbn.co.kr/pages/vod/programContents.php?progCode=683&menuCode=4385&bcastSeqNo=1420219,https://n.news.naver.com/mnews/article/057/0001951378?sid=102,"Fri, 29 May 2026 10:12:00 +0900",2026-05-29 23:54:12
서울대병원,서울대병원,"[카드] 리센스메디컬, 분당서울대병원과 정밀냉각 치료기술 개발 협력",정밀냉각 기술기업 리센스메디컬(394420)은 지난 27일 분당서울대병원 성형외과 및 재생의학센터와 정밀냉각의료 활성화를 위한 업무협약(MOU)을 체결했다고 29일 밝혔다.,http://www.newsprime.co.kr/news/article.html?no=735064,http://www.newsprime.co.kr/news/article.html?no=735064,"Fri, 29 May 2026 10:08:00 +0900",2026-05-29 23:54:12
서울대병원,서울대병원,"""중복검사 줄이고 진료는 끊김없이""…AI 의료연계, 하반기 본격 도입",서울·경기 권역은 서울대병원과 서울의료원·성남시 의료원이 참여한다. 강원 권역은 강원대병원과 영월의료원·강릉의료원·평창 보건의료원이 포함된다. 전남 권역은 전남대병원과 광주기독병원이 함께한다. 이날... ,https://www.edaily.co.kr/news/newspath.asp?newsid=03437446645453840,https://n.news.naver.com/mnews/article/018/0006292937?sid=102,"Fri, 29 May 2026 10:02:00 +0900",2026-05-29 23:54:12
서울대병원,서울대병원,"AI 기반 환자 회송 하반기 도입...복지부, 현장 점검","보건복지부 정경실 보건의료정책실장이 29일 서울대병원을 방문해 하반기 도입될 ‘인공지능(AI) 기반 환자 의뢰·회송 체계’에 대한 막바지 현장 점검에 나섰다. 이날 복지부는 기술 시연을 참관하고, 정책 간담회를... ",https://www.dailypharm.com/user/news/338977?REFERER=NP,https://www.dailypharm.com/user/news/338977?REFERER=NP,"Fri, 29 May 2026 10:02:00 +0900",2026-05-29 23:54:12
서울대병원,서울대병원,응급환자 전원 때 AI가 진료기록 요약…하반기 공공병원 도입,29일 보건복지부에 따르면 이날 서울대병원에서 ‘AI 기반 환자 의뢰·회송 체계’ 기술 시연과 정책 간담회가 열렸다. 간담회에서는 서울대병원이 개발한 의료 AI 기술을 지방 공공병원 시스템과 연계·확산하는 방안과... ,https://www.dailian.co.kr/news/view/1650109/?sc=Naver,https://n.news.naver.com/mnews/article/119/0003095710?sid=102,"Fri, 29 May 2026 10:01:00 +0900",2026-05-29 23:54:12
서울대병원,서울대병원,"병원 옮길 때 진료·영상기록 'AI 비서'가 자동 지원…""하반기 구축""","정경실 복지부 보건의료정책실장은 이날 오전 서울대병원을 찾아 AI를 활용한 협진 체계를 참관하고 정책 간담회를 열어 현장 의견을 청취했다. 긴딤회에는 서울대병원, 강원대병원, 서울의료원, 영월의료원 등... ",https://www.mt.co.kr/thebio/2026/05/29/2026052906220846814,https://n.news.naver.com/mnews/article/008/0005364598?sid=101,"Fri, 29 May 2026 10:00:00 +0900",2026-05-29 23:54:12
서울대병원,서울대병원,"AI로 환자 의뢰·회송 자동화…복지부, AX 스프린트 사업 착수","서울·경기 권역은 서울대병원·서울의료원·성남시의료원, 강원 권역은 강원대병원·영월의료원·강릉의료원·평창보건의료원, 전남 권역은 전남대병원과 광주기독병원이 참여한다. 복지부는 사업에 선정된... ",https://www.news1.kr/bio/general/6181061,https://n.news.naver.com/mnews/article/421/0008972931?sid=105,"Fri, 29 May 2026 10:00:00 +0900",2026-05-29 23:54:12
서울대병원,서울대병원,"복지부, 6월부터 공공의료 혁신 본격화…""AI 기반 환자 의뢰·회송""",정경실 복지부 보건의료정책실장은 29일 서울대 병원을 방문해 올해 하반기 의료 현장에 본격 도입될 'AI 기반 환자 의뢰·회송 체계'의 기술 시연을 참관하고 정책 간담회를 통해 현장 의견을 청취했다. 정경실... ,https://www.newspim.com/news/view/20260529000249,https://www.newspim.com/news/view/20260529000249,"Fri, 29 May 2026 10:00:00 +0900",2026-05-29 23:54:12
서울대병원,서울대병원,하반기 의료 현장에 AI 의뢰·회송…서울·강원·전남 시범 운영,정경실 보건복지부 보건의료정책실장은 29일 서울 종로구 서울대병원에서 AI 기반 환자 의뢰·회송 체계 기술 시연을 참관하고 정책 간담회를 진행했다. 이번 방문은 지역 책임의료기관(2차 의료기관)과 권역... ,https://www.newsis.com/view/NISX20260528_0003648191,https://n.news.naver.com/mnews/article/003/0013975103?sid=102,"Fri, 29 May 2026 10:00:00 +0900",2026-05-29 23:54:12
서울대병원,서울대병원,"하반기 AI기반 환자 의뢰·회송 도입…""연속 진료·의료비 절감""","보건복지부는 자동화 체계 도입을 앞둔 29일 서울대병원에서 AI 기반 환자 의뢰·회송 체계 기술 시연을 참관하고, 정책 간담회를 열어 현장 의견을 청취했다. 복지부는 이날 지역-권역 책임의료기관 간 중증·응급 환자... ",https://www.yna.co.kr/view/AKR20260528161300530?input=1195m,https://n.news.naver.com/mnews/article/001/0016106844?sid=102,"Fri, 29 May 2026 10:00:00 +0900",2026-05-29 23:54:12
서울대병원,서울대병원,"복지부, 하반기 ‘AI 기반 의뢰·회송 체계’ 도입","서울·경기 권역에서는 서울대병원과 서울의료원, 성남시의료원이 참여하며, 강원 권역은 강원대병원·영월의료원·강릉의료원·평창보건의료원이 참여한다. 전남 권역에서는 전남대병원과 광주기독병원이 실증에... ",http://www.whosaeng.com/170937,http://www.whosaeng.com/170937,"Fri, 29 May 2026 09:58:00 +0900",2026-05-29 23:54:12
서울대병원,서울대병원,"리센스메디컬, 분당서울대병원과 정밀 냉각 의료 활성화 협력",정밀 냉각 기술기업 리센스메디컬(공동대표 김건호·최의경)은 지난 27일 분당서울대병원 성형외과·재생의학센터와 정밀 냉각 의료 활성화를 위한 업무협약을 체결했다. 이번 협약은 미용성형 의료기기산업과... ,https://www.rapportian.com/news/articleView.html?idxno=236531,https://www.rapportian.com/news/articleView.html?idxno=236531,"Fri, 29 May 2026 09:50:00 +0900",2026-05-29 23:54:12
서울대병원,서울대병원,[이슈분석] 서울시 '서소문 고가 붕괴' 중대재해처벌 받을까,■ 오지은 변호사(법률사무소 선의 대표변호사) △서울대 간호대 졸업 △한국외대 법학전문대학원 졸업 △서울대병원 외과중환자실 △한국의료분쟁조정중재원 조사관·심사관 △서울지방노동위원회 공익위원... ,https://www.safetimes.co.kr/news/articleView.html?idxno=243083,https://www.safetimes.co.kr/news/articleView.html?idxno=243083,"Fri, 29 May 2026 09:30:00 +0900",2026-05-29 23:54:12
서울대병원,서울대병원,"서울대병원, '비후성 심근증 환자를 위한 동행 가이드' 출간",서울대병원은 순환기내과 김형관 교수 연구팀(박준빈·곽순구 교수)을 중심으로 국내 주요 상급종합병원의 비후성 심근증 전문가 12명이 모여 환자와 가족을 위한 종합 안내서인 '비후성 심근증 환자를 위한 동행 가이드'를... ,http://www.medisobizanews.com/news/articleView.html?idxno=139076,http://www.medisobizanews.com/news/articleView.html?idxno=139076,"Fri, 29 May 2026 09:12:00 +0900",2026-05-29 23:54:12
서울대병원,서울대병원,모발학계 올림픽 '세계모발학회 2026' 서울서 개막,"올해는 분당서울대병원 허창훈 교수와 서울대병원 권오상 교수, 부산대병원 김문범 교수 등 3명이 공동 대회장을 맡고 대한모발학회(KHRS)가 주최했습니다. 한국에서 이 학회가 열리는 것은 2014년 제주 개최 이후 12년... ",http://mbn.mk.co.kr/pages/news/newsView.php?category=mbn00009&news_seq_no=5196598,https://n.news.naver.com/mnews/article/057/0001951361?sid=102,"Fri, 29 May 2026 09:02:00 +0900",2026-05-29 23:54:12
서울대병원,서울대병원,"경과원, 3000억 규모 연구개발사업 투자·성과 분석 착수","또 지난달 14일에는 분당서울대병원, 동구대, 성균관대, 을지대 등 6개 기관과 바이오 전문인력 양성사업 교육협력기관 협약식을 맺은 바 있다. AI·빅데이터 기반 기술 수요에 대응하고, 산업 현장 중심의 전문인력을... ",https://www.kpinews.kr/newsView/1065568557489303,https://www.kpinews.kr/newsView/1065568557489303,"Fri, 29 May 2026 08:23:00 +0900",2026-05-29 23:54:12
서울대병원,서울대병원,"리센스메디컬·분당서울대병원, 정밀냉각의료 연구 협력 넓힌다","|스마트투데이=심두보 기자| 정밀냉각 기술기업 리센스메디컬(대표 김건호·최의경)이 분당서울대병원 성형외과(허찬영 교수), 재생의학센터(허찬영 센터장)와 정밀냉각의료 분야의 협력 범위를 넓힌다. 세 기관은 지난... ",https://www.smarttoday.co.kr/ko-kr/articles/107916,https://www.smarttoday.co.kr/ko-kr/articles/107916,"Fri, 29 May 2026 08:10:00 +0900",2026-05-29 23:54:12
서울대병원,서울대병원,"[WCHR 2026] 허창훈 교수 ""세계모발학회 서울 유치, 발로 뛰어 이룬 성과...","장시간 준비해온 잔치를 이젠 즐길 시간입니다."" 허창훈 교수(대한모발학회 부회장, 분당서울대병원 피부과)는 꿈을 이룬 아이처럼 벅찬 목소리로 말했다. 2023년 대한모발학회 학술대회 당시 세계모발학회 서울 유치를... ",https://www.k-health.com/news/articleView.html?idxno=92669,https://www.k-health.com/news/articleView.html?idxno=92669,"Fri, 29 May 2026 08:08:00 +0900",2026-05-29 23:54:12
서울대병원,서울대병원,"""화상·재활·성형 치료하러 음성 찾아왔죠""[소방人]","소방청은 서울대병원·국립소방병원의 위탁 운영에 협력하고 충북 혁신도시 내 부족한 공공의료 인프라를 확충하고 있다. 내과와 외과, 산부인과 등 5개 핵심 진료과를 중심으로 시범운영하던 병원은 지난 3월부터 11개... ",https://www.edaily.co.kr/news/newspath.asp?newsid=02519046645453840,https://n.news.naver.com/mnews/article/018/0006292725?sid=102,"Fri, 29 May 2026 07:07:00 +0900",2026-05-29 23:54:12
서울대병원,서울대병원,MRI 없이 피 한 방울로 뇌전증 진단 길 열린다,"서울대병원은 주건·이상건 신경과 교수와 신용원 중환자의학과 교수, 홍상빈 입원의학센터 교수 공동 연구팀이 혈액 기반의 새로운 접근을 통해 드러난 전신 면역 패턴의 변화가 뇌전증 진단 및 뇌 위축과 깊은 연관이... ",https://www.sedaily.com/article/20048423?ref=naver,https://n.news.naver.com/mnews/article/011/0004625661?sid=103,"Fri, 29 May 2026 07:01:00 +0900",2026-05-29 23:54:12
서울대병원,서울대병원,"[기업 최전선을 가다-(주)휴로틱스] ""입으면 건강해지는 로봇""…웨어러...","또 서울대병원, 중앙대병원, 가톨릭대병원, 미국 일리노이대 시카고(UIC) 등 국내외 의료기관들과 협력하고 있으며 다수의 MOU도 체결했다. H-Medi는 약 4.5kg 무게의 고관절 보행 재활 로봇으로, 최대 200N 수준의 보조력을... ",https://www.irobotnews.com/news/articleView.html?idxno=46616,https://www.irobotnews.com/news/articleView.html?idxno=46616,"Thu, 28 May 2026 23:42:00 +0900",2026-05-29 23:54:12
서울대병원,서울대병원,"[6.3 지방선거-충북] 김영환 ""끝장토론으로 의혹 검증하자""","김 후보는 ""사우디 빈 살만 펀드 측에서 관심을 보였고, 충북도 자료를 전달했다""며 ""청주공항 민간 전용 활주로와 돔구장, 서울대병원·충북대병원 R&D 병원 등은 민자를 유치해 추진할 수 있다""고 설명했다. 이어 ""충북은... ",https://www.newscj.com/news/articleView.html?idxno=3404686,https://www.newscj.com/news/articleView.html?idxno=3404686,"Thu, 28 May 2026 23:12:00 +0900",2026-05-29 23:54:12
서울대병원,서울대병원,모발학계 올림픽 '세계모발학회' 서울서 개막…31일까지,"<허창훈 / 공동대회장(분당서울대병원 교수)> ""의사 뿐만 아니라 모발을 연구하는 기초연구자들, 줄기세포를 연구하시는 분들이 다 모여서 모발에 대한 새로운 지식을 같이 공유하는 자리가 되겠습니다.""",http://www.yonhapnewstv.co.kr/news/MYH20260528201057jaU,https://n.news.naver.com/mnews/article/422/0000869370?sid=102,"Thu, 28 May 2026 20:11:00 +0900",2026-05-29 23:54:12
서울대병원,서울대병원,[WCHR 2026] 세계 석학 한자리에…'모발학계 올림픽' 화려한 서막,"분당서울대병원 허창훈 교수, 서울대병원 권오상 교수, 부산대병원 김문범 교수 등 3명은 이번 학술대회의 공동대회장으로 활약한다. 국제모발연구학회연맹 회원들이 성공적인 세계모발학회를 기원하며 하트 포즈를... ",https://www.k-health.com/news/articleView.html?idxno=92650,https://www.k-health.com/news/articleView.html?idxno=92650,"Thu, 28 May 2026 19:58:00 +0900",2026-05-29 23:54:12
서울대병원,서울대병원,“긴 쪽 팔다리 뼈 더 빨리 성숙”…편측 비대증 환아 뼈 성장 비대칭 ...,서울대병원은 신창호 소아정형외과 교수 연구팀이 선천성 편측 비대증 및 편측 저형성증 환아 118명을 분석한 결과가 국제학술지 Journal of Children’s Orthopaedics 최신호에 게재됐다고 28일 밝혔다. ▲서울대병원... ,https://www.megaeconomy.co.kr/news/newsview.php?ncode=1065608144163204,https://www.megaeconomy.co.kr/news/newsview.php?ncode=1065608144163204,"Thu, 28 May 2026 19:20:00 +0900",2026-05-29 23:54:12
서울대병원,서울대병원,"""초음파 교육 탓?"" 분당서울대병원 대관 취소에 한의계 반발","28일 경기도한의사회에 따르면 도한의사회는 오는 6월 7일 분당서울대병원 HIP 미래홀에서 회원을 대상으로 오프라인 실습 교육을 앞두고 있었다. 의료법에 따른 이 교육은 지난 6일 회원들에게 공고됐고, 선착순 150명을... ",https://www.kyeonggi.com/article/20260528580588,https://n.news.naver.com/mnews/article/666/0000109023?sid=103,"Thu, 28 May 2026 19:17:00 +0900",2026-05-29 23:54:12
서울대병원,서울대병원,"네이버의 AI 시대 경쟁력은 ‘콘텐츠’, 이유는?","따라 서울대병원이나 국토교통부 같은 공신력 있는 기관의 콘텐츠는 적극 활용하려 한다”고 답했다. 네이버 검색 AI의 핵심축 세 가지 김 부문장은 이날 네이버 AI 검색의 주요 자산이 무엇인지, 향후 서비스 방향이... ",https://byline.network/?p=9004111222605128,https://byline.network/?p=9004111222605128,"Thu, 28 May 2026 18:32:00 +0900",2026-05-29 23:54:12
서울대병원,서울대병원,1000만 탈모인 깜짝 놀랐나…“탈모 완화 신소재 발견” 소식에 주가 껑...,"올해로 14회째를 맞는 세계모발학회는 허창훈 분당서울대병원 교수와 권오상 서울대병원 교수, 김문범 부산대병원 교수 등 3명이 공동대회장을 맡고 대한모발학회(KHRS)가 주최한다. 이번 학술대회에는 총 63개 기업이... ",https://www.sedaily.com/article/20049440?ref=naver,https://n.news.naver.com/mnews/article/011/0004625555?sid=101,"Thu, 28 May 2026 18:10:00 +0900",2026-05-29 23:54:12
서울대병원,서울대병원,"동아에스티, 에티오피아서 디지털 헬스케어 기반 CSR 확대","서울대병원 이종욱글로벌센터와의 협업을 통해 에티오피아 최대 의료기관인 아디스아바바 의과대학 부속 블랙라이온 국립병원에 샘플링을 추진하게 됐다. 동아에스티 관계자는 ""의료취약지인 에티오피아에서... ",https://www.ajunews.com/view/20260528102739905,https://www.ajunews.com/view/20260528102739905,"Thu, 28 May 2026 17:28:00 +0900",2026-05-29 23:54:12
서울대병원,서울대병원,"챗GPT 공세에도 네이버는 살아남을까…""AI 승부처는 콘텐츠""[일문일답]","반면 서울대병원, 국토교통부처럼 권위 있는 기관 콘텐츠는 주제에 따라 적극 활용한다. - AI가 검색창을 대체한다는 전망이 나온다. 이번 발표가 네이버의 유일한 대응인가. 검색 시대 전략을 AI 시대에도 반복하는 것... ",https://www.edaily.co.kr/news/newspath.asp?newsid=05084006645453512,https://n.news.naver.com/mnews/article/018/0006292524?sid=105,"Thu, 28 May 2026 17:05:00 +0900",2026-05-29 23:54:12
서울대병원,서울대병원,6.3 지방선거 충북 단체장 판세 분석…음성군수,"특히 맹동면을 중부권의 신성장 거점지역으로 육성하기 위해 공공기관 2차 이전 추진과 서울대병원 연계 R&D 연구센터 건립, 국립소방병원 연계 응급의료체계 구축을 전면에 내세웠다. 조 후보는 ""이미 검증된 능력과 강한... ",https://www.inews365.com/news/article.html?no=921303,https://www.inews365.com/news/article.html?no=921303,"Thu, 28 May 2026 16:58:00 +0900",2026-05-29 23:54:12
서울대병원,서울대병원,"분당서울대병원 HIP, 경기도 초음파 교육 대관 ‘일방 취소’ 파문",▲ 헬스케어혁신파크 측이 제시한 대관 취소 사항 실제 분당서울대병원 헬스케어혁신파크의 대관 규약에는 ‘병원 및 의생명연구원의 공식 행사 우선 대관’ 등의 경합 기준이 존재하지만 이번 건은 이미 단독 승인까지... ,https://www.akomnews.com/bbs/board.php?bo_table=news&wr_id=67320,https://www.akomnews.com/bbs/board.php?bo_table=news&wr_id=67320,"Thu, 28 May 2026 16:44:00 +0900",2026-05-29 23:54:12
서울대병원,서울대병원,"[잠의 결핍, 생각의 덫] 3강: 잠의 결핍, 생각의 덫 - 사례와 질문으로 ...","이번 [잠의 결핍, 생각의 덫] 3강에서는 실제 사례와 질문을 통해 수면 부족이 우리의 생각과 감정에 어떤 영향을 미치는지, 그리고 건강한 수면을 위한 방향에 대해 분당서울대병원 신경과 윤창호 교수가 알기 쉽게... ",http://aftertherain.kr/sub/contents/view.php?seq=97096,http://aftertherain.kr/sub/contents/view.php?seq=97096,"Thu, 28 May 2026 16:30:00 +0900",2026-05-29 23:54:12
서울대병원,서울대병원,"[시사이슈] [대한알레르기내과학회] 중증 천식·알레르기질환, 치료받기...","이번 [시사이슈] [대한알레르기내과학회]에서는 중증 천식·알레르기질환 환자들이 겪는 현실적인 어려움과 현재 치료 환경, 필요한 개선 방향에 대해 분당서울대병원 알레르기면역내과 김세훈 대외협력이사가 자세히... ",http://aftertherain.kr/sub/contents/view.php?seq=97090,http://aftertherain.kr/sub/contents/view.php?seq=97090,"Thu, 28 May 2026 16:18:00 +0900",2026-05-29 23:54:12
서울대병원,서울대병원,‘지역 분만 뺑뺑이’ 막겠다며 시니어 의사·국립대 교수 투입?…의료...,서울대병원 산부인과 역시 9명 모집에 6명만 지원해 충원율이 66.7%에 그쳤다. 의료계에서는 고위험 분만과 신생아 진료 분야가 업무 강도는 높은 반면 의료사고 위험 부담이 크고 보상은 충분하지 않아 젊은 의사들의 지원... ,https://biz.chosun.com/science-chosun/medicine-health/2026/05/28/EPHS6QXGWVG6XBJ5TQWSUWL7MM/?utm_source=naver&utm_medium=original&utm_campaign=biz,https://n.news.naver.com/mnews/article/366/0001167812?sid=105,"Thu, 28 May 2026 16:17:00 +0900",2026-05-29 23:54:12
서울대병원,서울대병원,[WCHR 2026] 세계모발학회 첫날…난치성 탈모 등 해법 모색,이번 세계모발학회의 공동대회장을 맡은 분당서울대병원 허창훈 교수가 원형탈모증 세션에서 대안적 치료로 언급된 엑시머 레이저 치료에 대해 의견을 전달하고 있다. 모발질환과 모낭생물학분야의 최고 권위... ,https://www.k-health.com/news/articleView.html?idxno=92651,https://www.k-health.com/news/articleView.html?idxno=92651,"Thu, 28 May 2026 16:14:00 +0900",2026-05-29 23:54:12
서울대병원,서울대병원,"서울대병원, '편측 비대증' 좌우 뼈 성숙 속도 다르다…세계 최초 입증",서울대병원 소아정형외과 신창호 교수팀(이원익 임상강사)은 선천성 편측 비대증·편측 저형성증 환아 118명을 대상으로 양측 팔다리의 뼈 나이 차이를 규명한 연구 결과를 국제 학술지 'Journal of Children's Orthopaedics... ,https://www.sentv.co.kr/article/view/sentv202605280099,https://www.sentv.co.kr/article/view/sentv202605280099,"Thu, 28 May 2026 16:04:00 +0900",2026-05-29 23:54:12
서울대병원,서울대병원,환자기본법 시행 앞서 실효성 높이는 하위법령 설계 논의 시작,"발제 이후에는 권용진 서울대병원 공공진료센터 교수, 김소윤 연세대학교 의과대학 의료법윤리학과 교수, 조민우 울산대학교 의과대학 예방의학과 교수, 강정화 한국소비자연맹 회장, 정진향 한국희귀·난치성질환연합회... ",https://m.skyedaily.com/news_view.html?ID=304928,https://m.skyedaily.com/news_view.html?ID=304928,"Thu, 28 May 2026 16:00:00 +0900",2026-05-29 23:54:12
서울대병원,서울대병원,한쪽 팔다리만 더 빨리 자라는 ‘이 질환’··· 뼈 성장 속도 정밀 측...,"서울대병원 소아정형외과 신창호 교수, 이원익 임상강사 연구팀은 이 같은 내용의 연구가 국제학술지 ‘소아 정형외과 저널(Journal of Children’s Orthopaedics)’에 게재됐다고 28일 밝혔다. 연구진은 기존 방법의 한계를 보완할... ",https://www.khan.co.kr/article/202605281559001,https://n.news.naver.com/mnews/article/032/0003448541?sid=103,"Thu, 28 May 2026 15:59:00 +0900",2026-05-29 23:54:12
서울대병원,서울대병원,'CSR에 진심' 동아에스티…의료취약지역 건강권 보장,기존 CSR활동 소식을 계기로 서울대병원 이종욱글로벌센터와의 협업을 통해 에티오피아 최대 규모 의료기관인 아디스아바바 의과대학 부속병원 블랙라이온 국립병원에 샘플링을 추진하게 됐다. 동아에스티 관계자는... ,https://www.shinailbo.co.kr/news/articleView.html?idxno=5025210,https://www.shinailbo.co.kr/news/articleView.html?idxno=5025210,"Thu, 28 May 2026 15:34:00 +0900",2026-05-29 23:54:12
서울대병원,서울대병원,신체 한쪽만 큰 '편측비대증' 긴 쪽 뼈 더 빨리 성숙,서울대병원 소아정형외과 신창호 교수팀(이원익 임상강사)은 선천성 편측 비대증 및 편측 저형성증 환아를 대상으로 분석한 결과를 소아정형외과 분야 국제학술지(Journal of Children's Orthopaedics)에 발표했다. 연구팀은... ,http://www.medical-tribune.co.kr/news/articleView.html?idxno=214062,http://www.medical-tribune.co.kr/news/articleView.html?idxno=214062,"Thu, 28 May 2026 15:24:00 +0900",2026-05-29 23:54:12
서울대병원,서울대병원,"분당서울대병원 HIP, '한의사 보수교육' 대관 일방 취소…의료계 눈치보...",한의사를 대상으로 한 보수교육이 분당서울대병원 헬스케어혁신파크에서 열릴 예정이었으나 행사를 열흘 앞두고 일방적으로 취소되는 사태가 발생했다. 보수교육을 주최한 경기도한의사회측은 '초음파 진단 실습... ,http://www.mjmedi.com/news/articleView.html?idxno=62599,http://www.mjmedi.com/news/articleView.html?idxno=62599,"Thu, 28 May 2026 15:22:00 +0900",2026-05-29 23:54:12
서울대병원,서울대병원,"아이 몸에 '좁쌀 발진' 다닥다닥…""빨리 병원 가라"" 의사 경고한 질병","윤상웅 대한건선학회장(분당서울대병원 피부과 교수)은 ""소아 건선은 단순한 피부 질환을 넘어, 성장기부터 성인기까지 신체적·정신적 부담이 누적될 수 있는 전신 염증성 질환""이라고 경고했다. 환자 3명 중 1명은 어릴... ",https://www.mt.co.kr/thebio/2026/05/28/2026052814393935431,https://n.news.naver.com/mnews/article/008/0005364163?sid=101,"Thu, 28 May 2026 15:12:00 +0900",2026-05-29 23:54:12
서울대병원,서울대병원,조병옥 '정주 인프라' 공약에 임택수 '보건의료원' 공약으로 맞불,"대소읍에 이어 맹동면을 찾은 조 후보는 △맹동종합스포츠타운 조성 △청소년 복합문화센터 추진 △공공기관 2차 이전 추진 △서울대병원 연계 연구센터 건립 등을 제시하기도 했다. 조 후보는 ""2030 음성시 건설을... ",https://www.news1.kr/local/sejong-chungbuk/6180426,https://n.news.naver.com/mnews/article/421/0008971562?sid=162,"Thu, 28 May 2026 15:11:00 +0900",2026-05-29 23:54:12
서울대병원,서울대병원,"미래에셋생명, 헬스케어 플랫폼 강화 … 대학병원 검진 예약 연계",이번 서비스는 서울대병원 등 전국 약 50개 대학병원·대형병원과 연계해 운영된다. 고객은 전문 의료진과의 1대1 상담을 통해 건강 상태와 목적에 맞는 검진 프로그램을 안내받고 예약 지원 서비스를 이용할 수 있다.... ,https://biz.newdaily.co.kr/site/data/html/2026/05/28/2026052800218.html,https://biz.newdaily.co.kr/site/data/html/2026/05/28/2026052800218.html,"Thu, 28 May 2026 14:48:00 +0900",2026-05-29 23:54:12
서울대병원,서울대병원,"서울대병원, 선천성 편측 비대증 환아 ‘양측 팔다리 뼈 나이 차이’ 규...",서울대병원이 선천성 편측 비대증 및 편측 저형성증 환아에서 양측 팔다리의 뼈 성숙 속도 차이를 확인한 연구 결과를 발표했다고 28일 밝혔다. 서울대병원 소아정형외과 신창호 교수팀은 선천성 편측 비대증 및 편측... ,http://www.lawissue.co.kr/view.php?ud=202605281445474809f4ab64559d_12,http://www.lawissue.co.kr/view.php?ud=202605281445474809f4ab64559d_12,"Thu, 28 May 2026 14:48:00 +0900",2026-05-29 23:54:12
서울대병원,서울대병원,‘세계모발학회 2026’ 서울서 오늘 개막,"조직위원회에 따르면, 올해는 분당서울대병원 허창훈 교수와 서울대병원 권오상 교수, 부산대병원 김문범 교수 등 3명이 공동 대회장을 맡고 대한모발학회(KHRS)가 주최합니다. 한국에서 이 학회가 열리는 것은 2014년... ",https://news.kbs.co.kr/news/pc/view/view.do?ncd=8572288&ref=A,https://n.news.naver.com/mnews/article/056/0012189624?sid=103,"Thu, 28 May 2026 14:33:00 +0900",2026-05-29 23:54:12
서울대병원,서울대병원,"서울대병원, 선천성 편측 비대증 환아 '양측 팔다리 뼈 나이 차이' 최초...",신창호 서울대병원 소아정형외과 교수팀(이원익 임상강사)은 선천성 편측 비대증 및 편측 저형성증 환아 118명을 대상으로 양측 팔다리의 뼈 나이 차이를 규명한 결과가 국제 학술지 'Journal of Children's Orthopaedics... ,http://www.doctorstimes.com/news/articleView.html?idxno=238282,http://www.doctorstimes.com/news/articleView.html?idxno=238282,"Thu, 28 May 2026 14:32:00 +0900",2026-05-29 23:54:12
서울대병원,서울대병원,"[6·3 지선] 조병옥 ""맹동면 대도약 완성""·임택수 ""광역보건의료원 설립...","또, 공공기관 2차 이전 추진과 서울대병원 연계 R&D 연구센터 건립, 국립소방병원 연계 응급의료체계 구축, 충북혁신도시 중심 글로벌 혁신성장 경제자유구역 지정 등을 통해 맹동면을 중부권 신성장 거점으로 육성하겠다고... ",http://www.ttlnews.com/news/articleView.html?idxno=3112057,http://www.ttlnews.com/news/articleView.html?idxno=3112057,"Thu, 28 May 2026 14:28:00 +0900",2026-05-29 23:54:12
서울대병원,서울대병원,"""편측 비대증, 뼈 나이도 차이""…세계 첫 입증",서울대병원 소아정형외과 신창호 교수팀은 선천성 편측 비대증 및 편측 저형성증 환아 118명을 대상으로 양측 팔다리의 뼈 나이 차이를 규명한 결과가 국제 학술지 '소아 정형외과 저널'(Journal of Children’s Orthopaedics)... ,https://www.newsis.com/view/NISX20260528_0003647568,https://n.news.naver.com/mnews/article/003/0013973225?sid=102,"Thu, 28 May 2026 14:28:00 +0900",2026-05-29 23:54:12
서울대병원,서울대병원,"""미래의 청각을 오늘 전달한다""···코클리어 코리아, 뉴클리어스 넥사...","▲최병윤 분당서울대병원 이비인후과 교수 최병윤 분당서울대병원 이비인후과 교수는 ""보청기만으로는 어음 변별이 불가능한 환자에게 인공와우는 유일한 해답""이라고 설명했다. 특히, 이번에 새롭게 공개된... ",http://www.doctorstimes.com/news/articleView.html?idxno=238275,http://www.doctorstimes.com/news/articleView.html?idxno=238275,"Thu, 28 May 2026 14:08:00 +0900",2026-05-29 23:54:12
서울대병원,서울대병원,선천성 편측 비대증 환아 '팔다리 뼈 나이차' 규명…맞춤 수술 기대,신창호 서울대병원 소아정형외과 교수팀은 선천성 편측 비대증과 편측 저형성증 환아 118명을 대상으로 양측 팔다리의 뼈 나이 차이를 규명한 결과를 국제 학술지 '소아정형외과 저널'(Journal of Children’s Orthopaedics)... ,https://www.news1.kr/bio/welfare-medical/6180289,https://n.news.naver.com/mnews/article/421/0008971196?sid=105,"Thu, 28 May 2026 14:02:00 +0900",2026-05-29 23:54:12
서울대병원,서울대병원,"삼일제약, 'EDGE 심포지엄' 성료","심포지엄 첫째 날은 서울대병원 김상균 교수(소화기내과), 강동경희대병원 차재명 교수(소화기내과)가 좌장을 맡았고, 둘째 날은 분당서울대병원 김지원 교수(소화기내과)와 경북대병원 김은수 교수(소화기내과)가... ",https://www.monews.co.kr/news/articleView.html?idxno=411474,https://www.monews.co.kr/news/articleView.html?idxno=411474,"Thu, 28 May 2026 13:48:00 +0900",2026-05-29 23:54:12
서울대병원,서울대병원,"성남 지원 비아이케이테라퓨틱스, 학회서 연구성과 발표","상용화 가능성을 높일 것으로 기대한다""고 말했다. 한편 비아이케이테라퓨틱스는 성남산업진흥원이 운영한 분당서울대병원 헬스케어혁신파크 내 '성남 바이오헬스 혁신Lab' 입주기업이다. [신아일보] 성남",https://www.shinailbo.co.kr/news/articleView.html?idxno=5025107,https://www.shinailbo.co.kr/news/articleView.html?idxno=5025107,"Thu, 28 May 2026 13:38:00 +0900",2026-05-29 23:54:12
서울대병원,서울대병원,"서울대병원, 편측 비대증 환아 뼈 나이 차이 세계 최초 규명",▲ [사진 왼쪽부터] 서울대병원 소아정형외과 신창호 교수·이원익 임상강사 (사진= 서울대병원 제공) 선천성 편측 비대증을 앓는 환아들의 신체 부위별 뼈 성숙 속도가 다르다는 사실이 세계 최초로 밝혀졌다.... ,https://mdtoday.co.kr/news/view/1065586934112587,https://mdtoday.co.kr/news/view/1065586934112587,"Thu, 28 May 2026 13:34:00 +0900",2026-05-29 23:54:12
서울대병원,서울대병원,"서울대병원, 희귀질환 환아 ‘뼈 성장 차이’ 세계 첫 규명","서울대병원 소아정형외과 신창호 교수팀(이원익 임상강사)은 선천성 편측 비대증 및 편측 저형성증 환아 118명을 분석한 결과, 양측 팔다리의 ‘뼈 나이(골연령)’ 차이를 확인했다고 28일 밝혔다. 연구 결과는 국제... ",https://biz.chosun.com/science-chosun/medicine-health/2026/05/28/BKVCHZKMIFGR5M5TCZ34V2HJBI/?utm_source=naver&utm_medium=original&utm_campaign=biz,https://n.news.naver.com/mnews/article/366/0001167698?sid=105,"Thu, 28 May 2026 13:28:00 +0900",2026-05-29 23:54:12
세브란스병원,세브란스병원,"싸이, 광주 공연 허가 혼선 직접 해명…새 장소 물색 약속","서울 연세대 세브란스 어린이 병원에 5억 원을 기부해 소아 심리 집단 치료를 위한 '싸이 치료실' 조성에 힘을 보탰고, 군 복무를 마친 뒤에는 장병들에게 치킨 4,000인분을 선물해 화제를 모았다. 알려지지 않은... ",https://www.topstarnews.net/news/articleView.html?idxno=16075120,https://www.topstarnews.net/news/articleView.html?idxno=16075120,"Fri, 29 May 2026 20:00:00 +0900",2026-05-29 23:54:14
세브란스병원,세브란스병원,"원주세브란스기독병원, 스마트 진료 기반 새 의료정보시스템 운영",원주연세의료원 전경 원주세브란스기독병원이 6월 1일부터 차세대 의료정보시스템 HIS 운영을 시작한다. 병원은 의료 현장의 디지털 전환 흐름에 대응하고 환자 중심 진료 환경을 강화하기 위해 지난해 9월부터 관련... ,https://www.discoverynews.kr/news/articleView.html?idxno=1092265,https://www.discoverynews.kr/news/articleView.html?idxno=1092265,"Fri, 29 May 2026 19:06:00 +0900",2026-05-29 23:54:14
세브란스병원,세브란스병원,다발골수종 2차 치료 선택지 넓어졌다,"대한혈액학회 다발골수종 연구회 위원장인 김진석 신촌세브란스병원 혈액내과 교수는 ""다발골수종은 각 치료 단계에서 환자 상태에 맞는 적절한 치료 옵션을 선택하는 것이 중요하다""며 ""경구제인 포말리스트를... ",https://kormedi.com/?p=2820465,https://n.news.naver.com/mnews/article/296/0000101012?sid=101,"Fri, 29 May 2026 17:54:00 +0900",2026-05-29 23:54:14
세브란스병원,세브란스병원,[도파민: 도시성장과 선거⑮] '23만 도시' 송도… 이제는 '내실' 다질 때,"이러한 기조는 제7·8회 지방선거 후보들에게도 이어지며 연수구청장 후보들에게 △GTX 조기 착공 △송도 세브란스병원 조기 완공 등 '송도 외부 자원 확충' 관련 공약은 필수 요소가 됐다. ◇ 양보다 질, '송도 인프라... ",https://www.sisaweek.com/news/articleView.html?idxno=235785,https://www.sisaweek.com/news/articleView.html?idxno=235785,"Fri, 29 May 2026 17:34:00 +0900",2026-05-29 23:54:14
세브란스병원,세브란스병원,"원주세브란스기독병원, 차세대 의료정보시스템 본격 가동","원주세브란스기독병원이 차세대 의료정보시스템(HIS, Hospital Information System) 구축을 완료하고 오는 6월 1일부터 본격 운영에 들어간다. 병원은 총사업비 약 130억 원이 투입된 이번 사업을 통해 급변하는 의료 ICT 환경에... ",https://www.sentv.co.kr/article/view/sentv202605290158,https://www.sentv.co.kr/article/view/sentv202605290158,"Fri, 29 May 2026 17:24:00 +0900",2026-05-29 23:54:14
세브란스병원,세브란스병원,"세브란스병원, 환자안전 강화 위한 독자적 평가팀 '세븐팀' 출범","세브란스병원이 환자안전과 의료 질 향상을 위해 자체 평가팀인 ‘세븐팀’을 운영한다. 세븐팀은 7개 영역별 세부 평가 기준인 ‘세브란스 스탠다드’를 적용해 내부 평가를 실시하며, 의사, 약사, 간호사 등 다양한... ",https://www.edaily.co.kr/news/newspath.asp?newsid=05726886645453840,https://n.news.naver.com/mnews/article/018/0006293536?sid=102,"Fri, 29 May 2026 17:16:00 +0900",2026-05-29 23:54:14
세브란스병원,세브란스병원,"포말리스트 포함 PVd 요법, 다발골수종 2차 치료 급여 확대","대한혈액학회 다발골수종연구회 위원장인 신촌세브란스병원 혈액내과 김진석 교수는 ""다발골수종은 재발과 불응이 반복되는 질환 특성상 각 치료 단계에서 적절한 치료 전략 선택이 중요하다""며 ""고령 환자가 많은... ",http://www.kmedinfo.co.kr/news/articleView.html?idxno=96067,http://www.kmedinfo.co.kr/news/articleView.html?idxno=96067,"Fri, 29 May 2026 16:52:00 +0900",2026-05-29 23:54:14
세브란스병원,세브란스병원,'공공재원 2000억 투입 예정' 송도세브란스병원…지역 상생 입찰 '외면'...,지상층 시공사 선정 지연…2028년 개원 또 미뤄지나 송도세브란스병원 건립 사업의 발주처인 연세대학교 의료원이 위법성 논란에 휩싸였다. 현행법상 의무규정인 전기공사 분리발주를 무시하고 대형 건설사 중심의... ,https://www.sisajournal.com/news/articleView.html?idxno=374745,https://n.news.naver.com/mnews/article/586/0000130308?sid=102,"Fri, 29 May 2026 16:46:00 +0900",2026-05-29 23:54:14
세브란스병원,세브란스병원,"세브란스병원, 환자안전 자체 평가팀 ‘세븐팀’ 출범",세브란스병원이 환자안전과 의료 질의 독자적 자체 평가팀 ‘세븐팀’을 운영한다. 세븐팀(SEVEN Team)은 세브란스(SEVerance)를 향상시킨다(ENhancement)는 의미를 담았다. 세브란스병원은 지난 18일 연세의료원 ABMRC... ,https://www.hankyung.com/article/202605297232i,https://n.news.naver.com/mnews/article/015/0005292898?sid=102,"Fri, 29 May 2026 16:40:00 +0900",2026-05-29 23:54:14
세브란스병원,세브란스병원,"세브란스, 30년간 노하우 담은 '의료질' 토대 자체 평가단 출범","연세대 세브란스병원이 환자 안전과 의료 질을 독자적으로, 자체 평가할 조직 '세븐팀' 운영에 나섰다. 병원은 지난 18일 연세의료원 내에서 자체 평가 기준인 '세브란스 스탠다드(Severance Standard)'를 실행할 내부... ",https://www.news1.kr/bio/welfare-medical/6181885,https://n.news.naver.com/mnews/article/421/0008974229?sid=105,"Fri, 29 May 2026 16:34:00 +0900",2026-05-29 23:54:14
세브란스병원,세브란스병원,[의료기기업계 소식] 5월 29일,"위코멧은 이번 대회 외에도 대한심폐소생협회, 세브란스병원, 가톨릭대학교 은평성모병원 등의 심폐소생술 콘테스트를 후원하며 CPR 보급 확대에 기여해 왔다. 대한심폐소생협회 산하 교육기관 '브레이든 러닝센터... ",http://www.doctorstimes.com/news/articleView.html?idxno=238308,http://www.doctorstimes.com/news/articleView.html?idxno=238308,"Fri, 29 May 2026 16:32:00 +0900",2026-05-29 23:54:14
세브란스병원,세브란스병원,"세브란스병원, 환자안전·의료 질 내부 평가단 '세븐팀' 출범",세브란스병원은 지난 18일 연세의료원 ABMRC 유일한홀에서 세븐팀 발대식을 열었다. 사진=세브란스병원 제공  세브란스병원은 환자안전과 의료 질의 독자적 평가를 위한 기준인 '세브란스 스탠다드'를 마련하고 이를... ,https://daily.hankooki.com/news/articleView.html?idxno=1372044,https://daily.hankooki.com/news/articleView.html?idxno=1372044,"Fri, 29 May 2026 16:26:00 +0900",2026-05-29 23:54:14
세브란스병원,세브란스병원,"다발골수종 치료제 '포말리스트', 6월부터 2차 치료 급여 확대","대한혈액학회 다발골수종 연구회 위원장인 세브란스병원 혈액내과 김진석 교수는 ""다발골수종은 재발과 불응이 반복되는 질환인만큼 각 치료 단계에서 효과적인 치료 옵션을 선택하는 것이 중요하다""며 ""환자의... ",https://www.rapportian.com/news/articleView.html?idxno=236575,https://www.rapportian.com/news/articleView.html?idxno=236575,"Fri, 29 May 2026 16:10:00 +0900",2026-05-29 23:54:14
세브란스병원,세브란스병원,"세브란스병원, JCI 넘어 독자 '의료 질 평가' 도입…'세브란스 스탠다드...",세브란스병원이 환자안전과 의료 질을 독자적으로 관리하기 위한 자체 평가팀 '세븐팀(SEVEN Team)'을 본격 가동한다. 세븐팀이라는 명칭에는 '세브란스(SEVerance)를 향상시킨다(ENhancement)'는 포부가 담겨 있다. 병원은... ,https://www.financialpost.co.kr/news/articleView.html?idxno=260932,https://www.financialpost.co.kr/news/articleView.html?idxno=260932,"Fri, 29 May 2026 15:48:00 +0900",2026-05-29 23:54:14
세브란스병원,세브란스병원,"세브란스병원, 환자안전 자체 평가팀 '세븐팀' 출범…30년 QI 노하우 결...",세브란스병원이 환자안전과 의료 질 향상을 위한 독자적 자체 평가 시스템을 본격 가동한다. 1996년부터 30년 가까이 축적해 온 의료 질 향상 노하우를 바탕으로 자체 평가 기준과 전담 평가팀을 동시에 운영하는 국내... ,https://www.sentv.co.kr/article/view/sentv202605290129,https://www.sentv.co.kr/article/view/sentv202605290129,"Fri, 29 May 2026 15:28:00 +0900",2026-05-29 23:54:14
세브란스병원,세브란스병원,"아이도트, 강원도 지역혁신클러스터 육성사업 전격 선정","또한 국내 최고 수준의 한양대학교 병원 비뇨의학과 윤영은 교수 연구팀 및 연세대학교 원주 세브란스기독병원 비뇨의학과 강태욱 교수 연구팀과의 공동 연구를 통해 상급종합병원 중심의 고정밀 매칭 데이터 1,300건... ",http://www.wowtv.co.kr/NewsCenter/News/Read?articleId=A202605290493&t=NN,https://n.news.naver.com/mnews/article/215/0001253750?sid=101,"Fri, 29 May 2026 15:05:00 +0900",2026-05-29 23:54:14
세브란스병원,세브란스병원,"위코멧, 전국 심폐소생술 경연대회 장비·운영 지원","위코멧은 대한심폐소생협회, 세브란스병원, 가톨릭대학교 은평성모병원 등에서 열리는 심폐소생술 콘테스트도 후원해왔다. 대한심폐소생협회 산하 교육기관 '브레이든 러닝센터'와 행정안전부 지정 어린이... ",http://www.hansbiz.co.kr/news/articleView.html?idxno=841509,http://www.hansbiz.co.kr/news/articleView.html?idxno=841509,"Fri, 29 May 2026 15:04:00 +0900",2026-05-29 23:54:14
세브란스병원,세브란스병원,"위코멧, '전국 일반인 심폐소생술 경연대회' 운영 지원","위코멧은 이번 대회 외에도 대한심폐소생협회, 세브란스병원, 가톨릭대학교 은평성모병원 등의 심폐소생술 콘테스트를 후원하며 CPR 보급 확대에 기여해 왔다. 대한심폐소생협회 산하 교육기관 ‘브레이든... ",https://www.edaily.co.kr/news/newspath.asp?newsid=04283686645453840,https://n.news.naver.com/mnews/article/018/0006293154?sid=101,"Fri, 29 May 2026 14:54:00 +0900",2026-05-29 23:54:14
세브란스병원,세브란스병원,브랜드 가치 더한 청년안심주택...'호반써밋 양재' 눈길,"또 코스트코와 이마트 등 대형 쇼핑시설, 서초구청, 서초문화예술회관, 강남세브란스병원 등이 인접해 있으며, 말죽거리공원과 매헌시민의숲, 양재천 근린공원 등 녹지 공간도 가까워 생활 편의성과 주거 쾌적성을... ",https://www.joongangenews.com/news/articleView.html?idxno=522552,https://www.joongangenews.com/news/articleView.html?idxno=522552,"Fri, 29 May 2026 14:02:00 +0900",2026-05-29 23:54:14
세브란스병원,세브란스병원,다발골수종 치료제 포말리스트 '2차 치료' 급여 확대,"신촌세브란스병원 혈액내과 김진석 교수는 “이번 급여 적용이 국내 다발골수종 2차 치료 환경에 긍정적인 변화를 가져다줄 것으로 기대한다”고 말했다. 한국BMS제약 이혜영 대표이사는 ""보다 이른 시점에 치료... ",http://www.whosaeng.com/170949,http://www.whosaeng.com/170949,"Fri, 29 May 2026 13:28:00 +0900",2026-05-29 23:54:14
세브란스병원,세브란스병원,"포말리스트 PVd 요법, 6월부터 다발골수종 2차 치료 급여 확대","김진석 대한혈액학회 다발골수종 연구회 위원장(신촌세브란스병원 혈액내과 교수)는 ""다발골수종은 재발과 불응이 반복되는 질환인 만큼 각 치료 단계에서 효과적인 치료 옵션을 선택하는 것이 매우 중요하다... ",https://www.pharmnews.com/news/articleView.html?idxno=303851,https://www.pharmnews.com/news/articleView.html?idxno=303851,"Fri, 29 May 2026 13:14:00 +0900",2026-05-29 23:54:14
세브란스병원,세브란스병원,"호반건설, 청년안심주택 사업으로 주거 영역 확대","인근에는 대형 마트 등 쇼핑시설과 서초구청, 한전아트센터, 강남세브란스병원 등이 자리 잡고 있다. 말죽거리공원, 매헌시민의숲, 양재천근린공원 등 녹지 공간도 인접해 있다. 단지는 서울시 서초구 양재동 일원에 지하... ",https://www.etoday.co.kr/news/view/2589001,https://www.etoday.co.kr/news/view/2589001,"Fri, 29 May 2026 13:08:00 +0900",2026-05-29 23:54:14
세브란스병원,세브란스병원,"싸이, '흠뻑쇼 2026' 도시·일정 전격 공개…6월 4일 티켓 오픈","서울 연세대 세브란스 어린이병원에 5억 원을 기부해 '싸이 치료실' 조성에 힘을 보탰고, 군 복무를 마친 뒤에는 제52보병사단 장병들에게 치킨 4,000인분을 선물해 화제를 모았다. 무명 가수의 장례 비용을... ",https://www.topstarnews.net/news/articleView.html?idxno=16074773,https://www.topstarnews.net/news/articleView.html?idxno=16074773,"Fri, 29 May 2026 12:36:00 +0900",2026-05-29 23:54:14
세브란스병원,세브란스병원,"다발골수종치료제 '포말리스트', 내달부터 보험 급여 2차 치료까지 확대","대한혈액학회 다발골수종연구회 김진석 위원장(세브란스병원 혈액내과 교수)는 ""다발골수종은 재발과 불응이 반복되는 질환인만큼 각 치료 단계에서 효과적인 치료 옵션을 선택하는 것이 매우 중요하다. 특히... ",https://www.koreahealthlog.com/news/articleView.html?idxno=57372,https://www.koreahealthlog.com/news/articleView.html?idxno=57372,"Fri, 29 May 2026 12:16:00 +0900",2026-05-29 23:54:14
세브란스병원,세브란스병원,"""'린파자' 병용, 난소암 1차 유지요법 효과…접근성 개선은 과제""","이정윤 세브란스병원 산부인과 교수를 만나 보다 자세한 얘기를 들었다. 전주에서 발레학원을 운영하고 있는 박소영씨는 언젠가부터 복부 팽만감과 가스가 차는 증상, 피로감을 느끼기 시작했다. 그러나 평소에도... ",https://www.medipana.com/news/articleView.html?idxno=412031,https://www.medipana.com/news/articleView.html?idxno=412031,"Fri, 29 May 2026 11:50:00 +0900",2026-05-29 23:54:14
세브란스병원,세브란스병원,"한국BMS제약 포말리스트, 다발골수종 2차 치료 급여 확대","대한혈액학회 다발골수종 연구회 위원장인 신촌세브란스병원 혈액내과 김진석 교수는 ""다발골수종은 재발과 불응이 반복되는 질환이기 때문에 각 치료 단계에서 적절한 치료 옵션 확보가 중요하다""며 ""특히 고령... ",https://www.kpanews.co.kr/news/articleView.html?idxno=535860,https://www.kpanews.co.kr/news/articleView.html?idxno=535860,"Fri, 29 May 2026 11:48:00 +0900",2026-05-29 23:54:14
세브란스병원,세브란스병원,"한국BMS, 다발골수종 치료제 '포말리스트' 2차 급여 확대","대한혈액학회 다발골수종 연구회 위원장인 김진석 신촌세브란스병원 혈액내과 교수는 “다발골수종은 재발과 불응이 반복되는 질환으로 각 단계에서 효과적인 옵션을 선택하는 것이 중요하다”며, “고령 환자가... ",https://mdtoday.co.kr/news/view/1065576922569276,https://mdtoday.co.kr/news/view/1065576922569276,"Fri, 29 May 2026 11:46:00 +0900",2026-05-29 23:54:14
세브란스병원,세브란스병원,"한국BMS 포말리스트, 다발골수종 2차 치료로 급여 확대","김진석 대한혈액학회 다발골수종 연구회 위원장(신촌세브란스병원 교수)은 ""포말리스트가 포함된 PVd 요법은 2차 치료에서 유의미한 질병 진행 억제 효과를 확인했고 노쇠한 환자에서도 높은 효과를 보였다""며 이번... ",http://www.bokuennews.com/news/article.html?no=278979,http://www.bokuennews.com/news/article.html?no=278979,"Fri, 29 May 2026 11:38:00 +0900",2026-05-29 23:54:14
세브란스병원,세브란스병원,"위코멧, 소방청 주최 '심폐소생술 경연대회' 운영 지원","회사는 이번 대회 외에도 대한심폐소생협회, 세브란스병원, 가톨릭대은평성모병원 등이 주관한 심폐소생술 콘테스트를 후원하며 CPR 보급 확대에 기여해 왔다. 또한 대한심폐소생협회 산하 교육기관인 '브레이든... ",https://www.rapportian.com/news/articleView.html?idxno=236535,https://www.rapportian.com/news/articleView.html?idxno=236535,"Fri, 29 May 2026 11:36:00 +0900",2026-05-29 23:54:14
세브란스병원,세브란스병원,"호반건설, 서초구 양재동에 청년안심주택 ‘호반써밋 양재’ 공급","인근에는 대형마트 등 쇼핑시설을 비롯해 서초구청, 서초문화예술회관, 한전아트센터, 강남세브란스병원 등이 위치한다. 말죽거리공원, 매헌시민의숲, 양재천근린공원 등 녹지공간도 가깝다. 호반건설은 ‘호반써밋... ",https://economist.co.kr/article/view/ecn202605290014,https://n.news.naver.com/mnews/article/243/0000098412?sid=101,"Fri, 29 May 2026 11:31:00 +0900",2026-05-29 23:54:14
세브란스병원,세브란스병원,"생활 인프라 갖춘 '초품아 아파트', 원주 한양립스 더드림 아파트 공급","단지 주변에 롯데마트·홈플러스·AK플라자·세브란스병원 등이 있어 이용이 편리하다. 학성근린공원과 멀티플렉스, 시청 등 문화편의시설도 가깝다. 원주 한양립스 더드림 관계자는 ""합리적인 분양가, 편리한 교통... ",http://www.koreastocknews.com/news/articleView.html?idxno=118781,http://www.koreastocknews.com/news/articleView.html?idxno=118781,"Fri, 29 May 2026 11:12:00 +0900",2026-05-29 23:54:14
세브란스병원,세브란스병원,BMS '포말리스트' 다발골수종 2차 치료 급여…재발 환자 선택지 넓어진...,"김진석 신촌세브란스병원 혈액내과 교수는 ""다발골수종은 재발과 불응이 반복되는 질환인 만큼 각 치료 단계에서 효과적인 치료 옵션을 선택하는 것이 매우 중요하다""며 ""PVd 요법은 2차 치료에서도 유의미한 질병... ",https://www.apsk.co.kr/news/articleView.html?idxno=539472,https://www.apsk.co.kr/news/articleView.html?idxno=539472,"Fri, 29 May 2026 10:58:00 +0900",2026-05-29 23:54:14
세브란스병원,세브란스병원,"세브란스병원, 내부 평가단 '세븐팀' 출범…""환자 안전 직접 챙긴다""",세브란스병원이 자체 환자안전 평가 기준인 ‘세브란스 스탠다드’를 마련하고 이를 현장에 적용할 내부 평가단 ‘세븐팀’을 구성하는 등 의료 질·환자안전 관리 체계 고도화에 나선다. 세븐팀은 ‘세브란스(SEVerance)... ,https://www.dailian.co.kr/news/view/1650169/?sc=Naver,https://n.news.naver.com/mnews/article/119/0003095759?sid=103,"Fri, 29 May 2026 10:47:00 +0900",2026-05-29 23:54:14
세브란스병원,세브란스병원,"세브란스병원, JCI 인증·30년 QI 노하우 담은 자체 평가기준 개발",세브란스병원은 환자안전과 의료 질의 독자적 자체 평가팀 '세븐팀'을 운영한다고 29일 밝혔다. 세븐팀(SEVEN Team)은 세브란스(SEVerance)를 향상시킨다(ENhancement)는 의미를 담았다. 세브란스병원은 지난 18일 연세의료원... ,https://www.rapportian.com/news/articleView.html?idxno=236543,https://www.rapportian.com/news/articleView.html?idxno=236543,"Fri, 29 May 2026 10:46:00 +0900",2026-05-29 23:54:14
세브란스병원,세브란스병원,"세브란스병원, 내부 평가조직 '세븐팀' 출범…환자안전 강화",세브란스병원 보직자들과 세븐팀 평가위원들이 모여 발대식 기념 사진을 촬영하고 있다. /세브란스병원 제공 | 서울=한스경제 김동주 기자 | 세브란스병원이 국제 인증 경험을 바탕으로 자체 의료 질 평가 체계를... ,http://www.hansbiz.co.kr/news/articleView.html?idxno=841434,http://www.hansbiz.co.kr/news/articleView.html?idxno=841434,"Fri, 29 May 2026 10:28:00 +0900",2026-05-29 23:54:14
세브란스병원,세브란스병원,"세브란스, JCI 인증과 30년간 QI 노하우 담은 자체 평가 기준 개발",세브란스병원이 환자안전과 의료 질의 독자적 자체 평가팀 '세븐팀'을 운영한다. 세븐팀(SEVEN Team)은 세브란스(SEVerance)를 향상시킨다(ENhancement)는 의미를 담았다. 세브란스병원은 지난 18일 연세의료원 ABMRC... ,http://www.bokuennews.com/news/article.html?no=278960,http://www.bokuennews.com/news/article.html?no=278960,"Fri, 29 May 2026 10:26:00 +0900",2026-05-29 23:54:14
세브란스병원,세브란스병원,"시력교정술, 빠른 회복보다 더 중요한 것은 '시력의 질'",[글 | 정병훈 아이리움안과 대표원장] 정병훈 아이리움안과 대표원장 · 연세대학교 의과대학 졸업 · 연세대학교 의과대학 안과학교실 외래조교수 · 전) 연세대학교 세브란스병원 안과 전문의 · SMILE Certified Expert... ,https://www.ikunkang.com/news/articleView.html?idxno=50979,https://www.ikunkang.com/news/articleView.html?idxno=50979,"Fri, 29 May 2026 09:54:00 +0900",2026-05-29 23:54:14
세브란스병원,세브란스병원,"세브란스병원, 의료질 평가체계 ‘세브란스 스탠다드’ 구축",세브란스병원이 국제의료기관평가(JCI) 인증 경험과 30년에 걸친 의료 질 향상(QI) 노하우를 바탕으로 독자적인 자체 평가체계를 구축하고 내부 평가단 운영에 나섰다. 세브란스병원은 지난 18일 연세의료원 ABMRC... ,http://www.whosaeng.com/170935,http://www.whosaeng.com/170935,"Fri, 29 May 2026 09:54:00 +0900",2026-05-29 23:54:14
세브란스병원,세브란스병원,"위코멧, 소방청 '전국 일반인 심폐소생술 경연대회' 장비·운영 지원","위코멧은 이번 대회 외에도 대한심폐소생협회·세브란스병원·가톨릭대학교 은평성모병원 등의 심폐소생술 콘테스트를 후원해 왔으며, 대한심폐소생협회 산하 교육기관 '브레이든 러닝센터'와 행정안전부 지정... ",https://platum.kr/archives/287922,https://platum.kr/archives/287922,"Fri, 29 May 2026 09:52:00 +0900",2026-05-29 23:54:14
세브란스병원,세브란스병원,박혜진 국립오페라단 단장 “인사 논란 억울…준비된 단장” 취임 일성,그러면서 “안영재 씨 사고에 대해 유감스럽게 생각한다”며 “(국립오페라단에선) 그런 일이 재발하지 않도록 연세대 세브란스 병원과 협의해 부상자가 발생하면 신속하게 처치를 받는 시스템의 구축을 준비 중”이라고... ,https://biz.heraldcorp.com/article/10758470?ref=naver,https://n.news.naver.com/mnews/article/016/0002649629?sid=103,"Fri, 29 May 2026 09:34:00 +0900",2026-05-29 23:54:14
세브란스병원,세브란스병원,송도 청약 열기에 입주 분위기까지 살아나나… '송도 한내들 센트럴리버...,"또한 송도세브란스병원(예정), 현대프리미엄아울렛, 홈플러스 등 주요 생활 인프라 이용이 가능하다. 교통은 인천1호선과 제3경인고속도로를 이용할 수 있으며, GTX-B 노선(계획), 수도권제2순환고속도로(계획) 등 광역... ",https://www.rcast.co.kr/news/articleView.html?idxno=30896,https://www.rcast.co.kr/news/articleView.html?idxno=30896,"Fri, 29 May 2026 09:30:00 +0900",2026-05-29 23:54:14
세브란스병원,세브란스병원,"위코멧, 소방청 주최 전국 일반인 심폐소생술 경연대회 운영 지원","위코멧은 이번 대회 외에도 대한심폐소생협회, 세브란스병원, 가톨릭대학교 은평성모병원 등의 심폐소생술 콘테스트를 후원한 바 있으며, 대한심폐소생협회 산하 교육기관 '브레이든 러닝센터'와 행정안전부 지정... ",https://www.betanews.net/article/view/beta202605290007,https://www.betanews.net/article/view/beta202605290007,"Fri, 29 May 2026 09:24:00 +0900",2026-05-29 23:54:14
세브란스병원,세브란스병원,"세브란스병원, 자체 의료질 평가팀 '세븐팀' 운영...""환자안전 강화""","▲세브란스병원 보직자들과 세븐팀 평가위원들이 모여 발대식 기념 사진을 촬영하고 있다. 세브란스병원이 환자안전과 의료 질 향상을 위한 자체 평가팀 '세븐팀'을 공식 운영합니다. 세븐팀은 환자안전과 감염관리, 수술... ",http://www.paxetv.com/news/articleView.html?idxno=273340,http://www.paxetv.com/news/articleView.html?idxno=273340,"Fri, 29 May 2026 09:24:00 +0900",2026-05-29 23:54:14
세브란스병원,세브란스병원,"[리포트] 세브란스병원, 흩어진 환자 모니터링 데이터 '프리즘'으로 통...",세브란스병원이 병원 곳곳에 분산돼 있던 환자 모니터링 데이터를 하나로 통합한 의료 솔루션 '프리즘'을 내놨습니다. 환자의 활력징후를 의료진이 자리에서 바로 확인할 수 있게 되면서 업무 효율이 크게 개선됐다는... ,http://www.paxetv.com/news/articleView.html?idxno=273320,http://www.paxetv.com/news/articleView.html?idxno=273320,"Fri, 29 May 2026 09:10:00 +0900",2026-05-29 23:54:14
세브란스병원,세브란스병원,"TZD, DPP-4i보다 심혈관사고 억제효과 우수",용인세브란스병원 김진권 교수 연구팀은 국내 건강보험 빅데이터로 TZD와 DPP-4억제제의 심혈관 사고 억제 효과를 비교해 당뇨병 분야 국제학술지 (Journal of Diabetes Investigation)에 발표했다. 연구 대상자는 2형... ,http://www.medical-tribune.co.kr/news/articleView.html?idxno=214072,http://www.medical-tribune.co.kr/news/articleView.html?idxno=214072,"Fri, 29 May 2026 09:08:00 +0900",2026-05-29 23:54:14
세브란스병원,세브란스병원,알배추만 있으면 우리 집도 브런치 레스토랑~[밀당365],세브란스병원과 함께하는 당뇨 식단 오늘의 추천 레시피 배달 왔습니다! 알배추구이 샐러드 알배추 잎을 안 뗀 채 통으로 구워 색다른 느낌 냈습니다. 베이컨 대신 우삼겹이나 닭 가슴살을 올려 단백질을 채워도 좋습니다.... ,https://health.chosun.com/site/data/html_dir/2026/05/28/2026052803864.html,https://n.news.naver.com/mnews/article/346/0000110576?sid=103,"Fri, 29 May 2026 09:01:00 +0900",2026-05-29 23:54:14
세브란스병원,세브란스병원,"포르쉐코리아, ‘포르쉐 딜러 매니지먼트 컨퍼런스’ 개최⋯ 사회 공헌...","포르쉐코리아는 최근 메이크어위시 코리아와 함께 난치병 환아와 가족을 위한 ‘해피 칠드런스 데이, 소원이 자라는 5월’ 행사를 세브란스 어린이병원에서 지난 26일부터 3일간 진행했다. ‘해피 칠드런스 데이’는... ",https://www.viva100.com/article/20260529500033,https://www.viva100.com/article/20260529500033,"Fri, 29 May 2026 08:54:00 +0900",2026-05-29 23:54:14
세브란스병원,세브란스병원,"분리발주, 국가 인프라 산업의 핵심 '전기시공' 공급망 유지를 위해 필...",최근  인천 송도국제도시의 최대 의료 현안인 송도세브란스병원 건립 사업이 지상층 시공사 선정 과정에서 전기공사 분리발주를 하지 않아 해당지역에서 논란이다. 해당지역의 업체들은 5월 28일 대규모 규탄 시위도... ,https://www.electimes.com/news/articleView.html?idxno=368557,https://www.electimes.com/news/articleView.html?idxno=368557,"Fri, 29 May 2026 08:46:00 +0900",2026-05-29 23:54:14
세브란스병원,세브란스병원,송도세브란스 병원 신축공사 위법한 통합발주 강력 규탄,한국정보통신공사협회 인천광역시회 회원들이 송도세브란스병원 신축공사의 분리발주를 촉구하며 피켓시위를 펼치고 있다. 연세대학교 의료원(이하 연세의료원)이 '송도세브란스병원(가칭) 신축공사'를 관계 법령에... ,https://www.koit.co.kr/news/articleView.html?idxno=207362,https://www.koit.co.kr/news/articleView.html?idxno=207362,"Fri, 29 May 2026 08:46:00 +0900",2026-05-29 23:54:14
세브란스병원,세브란스병원,"셀트리온이 픽한 바이오미...윤상선 대표 ""마이크로바이옴 신약 빅파마...",현재 세브란스병원에서 환자 스크리닝을 진행하고 있으며 고령 환자가 많은 질환 특성을 고려해 정밀한 모집 절차를 거치고 있다. 총 36명을 투여군과 위약군으로 나눠 올해 안에 결과를 도출하는 것을 목표로 하고... ,https://www.edaily.co.kr/news/newspath.asp?newsid=02810966645453840,https://n.news.naver.com/mnews/article/018/0006292772?sid=105,"Fri, 29 May 2026 08:22:00 +0900",2026-05-29 23:54:14
세브란스병원,세브란스병원,[부고] 양웅 씨(동서대 광고홍보학과 교수) 부친상,"■ 양희봉 씨(전 해남경찰서장) 별세, 최정한 씨 남편상, 양웅(동서대 광고홍보학과 교수)·일 씨(서울 상일여고 교사) 부친상, 신희수 씨 시부상 = 28일 오전 11시 27분, 신촌세브란스병원 장례식장 13호실, 발인... ",https://www.news1.kr/society/education/6181045,https://n.news.naver.com/mnews/article/421/0008972549?sid=102,"Fri, 29 May 2026 08:21:00 +0900",2026-05-29 23:54:14
세브란스병원,세브란스병원,[Who Is ?] 이지열 가톨릭대학교 서울성모병원장,"당초 2025년도 예산 규모에 따라 서울성모병원 컨소시엄(유방·신장암, 심장질환 등 4종의 재활·만성 질환)이 선정됐으나 하반기 추경을 계기로 세브란스병원 컨소시엄 (위암·대장암, 산모질환 등 6종)이 추가 선정돼... ",https://www.businesspost.co.kr/BP?command=article_view&num=438847,https://www.businesspost.co.kr/BP?command=article_view&num=438847,"Fri, 29 May 2026 07:02:00 +0900",2026-05-29 23:54:14
세브란스병원,세브란스병원,"박혜진 국립오페라단장, 무대 안전사고 책임론 반박 ""억울했다""","국립오페라단은 현재 연세대 세브란스병원과 업무협약을 준비 중이다. 무대 위에서 부상 사고가 발생할 경우, 전문 의료진이 즉각 투입해 이송 및 치료를 진행하는 신속 응급 대응 시스템을 구축하겠다""고 약속했다. 박... ",https://www.newdaily.co.kr/site/data/html/2026/05/28/2026052800272.html,https://www.newdaily.co.kr/site/data/html/2026/05/28/2026052800272.html,"Fri, 29 May 2026 06:54:00 +0900",2026-05-29 23:54:14
세브란스병원,세브란스병원,아내 암(癌) 투병 과정서 체험한 '높은 신약 벽(壁)',황 교수는 “결국 환자들이 서울 ‘빅5’ 병원으로 몰릴 수밖에 없는 구조”라며 “세브란스병원만 해도 하루 외래 항암환자가 700~800명 수준이라고 들었다”고 전했다. 필수의료 인력 이탈 문제도 언급했다. 그는... ,https://www.dailymedi.com/news/news_view.php?wr_id=936754,https://www.dailymedi.com/news/news_view.php?wr_id=936754,"Fri, 29 May 2026 06:10:00 +0900",2026-05-29 23:54:14
세브란스병원,세브란스병원,푹 자고 일어났더니 1kg이 빠졌다? [살빼기록],건강과 젊음 유지의 핵심 '숙면' 이에 대해 29일 당뇨·내분비 분야 권위자인 강남세브란스병원 안철우 교수는 숙면이 건강와 젊음을 유지하는 중요한 열쇠라고 설명했다. 안 교수에 따르면 질 좋은 수면은 다이어트에... ,http://www.fnnews.com/news/202605281032495383,https://n.news.naver.com/mnews/article/014/0005527957?sid=103,"Fri, 29 May 2026 06:00:00 +0900",2026-05-29 23:54:14
세브란스병원,세브란스병원,송도세브란스병원 전문의 모집…13개과 16명,﻿﻿﻿건립 지연을 둔 각종 논란에도 불구하고 송도세브란스병원이 전임 교원 채용 등 오는 2028년 개원을 위한 사업계획을 이행해 나가고 있다. 28일 의료계에 따르면 연세대학교는 최근 '2027학년도 전임교원 초빙 공고... ,https://www.dailymedi.com/news/news_view.php?wr_id=936876,https://www.dailymedi.com/news/news_view.php?wr_id=936876,"Fri, 29 May 2026 05:36:00 +0900",2026-05-29 23:54:14
세브란스병원,세브란스병원,"[현장스케치] 박혜진 국립오페라단장 ""한국적 오페라 개발"" 포부…인사...","박 단장은 먼저 ""안전사고는 오페라뿐만 아니라 다른 장르에서도 자주 일어나는 사고이고 중요한 문제""라며 ""국립오페라단은 연세대학교 세브란스병원과 협업해 공연 중 사고가 발생할 경우 신속하게 치료와 응급 대응이... ",http://www.sctoday.co.kr/news/articleView.html?idxno=47876,http://www.sctoday.co.kr/news/articleView.html?idxno=47876,"Thu, 28 May 2026 23:48:00 +0900",2026-05-29 23:54:14
세브란스병원,세브란스병원,"장원영, 꽃밭 벤치에서 포즈…'REVIVE+' 활동 잇는 화보 근황",2026년 2월에는 소아청소년 환자 치료 지원을 위해 세브란스병원에 2억 원을 기부해 선한 영향력을 보여 줬다. 어린 환자들에게 실질적 도움을 주기 위한 기부로 알려지며 호응을 얻었다. 여담으로 장원영은... ,https://www.topstarnews.net/news/articleView.html?idxno=16074214,https://www.topstarnews.net/news/articleView.html?idxno=16074214,"Thu, 28 May 2026 22:08:00 +0900",2026-05-29 23:54:14
세브란스병원,세브란스병원,"송도 세브란스병원 '통합발주' 논란…업계 ""위법"" 반발",▲ 28일 오후 1시 인천 남동구 인천시청역 인근에서 한국전기공사협회 인천시회·한국정보통신공사협회 인천시회·한국소방시설협회 인천시회 관계자 약 200명이 연세대 의료원에 송도 세브란스병원 신축공사... ,https://www.incheonilbo.com/news/articleView.html?idxno=1323973,https://www.incheonilbo.com/news/articleView.html?idxno=1323973,"Thu, 28 May 2026 20:10:00 +0900",2026-05-29 23:54:14
세브란스병원,세브란스병원,공공성 사업인데 통합발주?… 송도세브란스 입찰방식 논란 확대,송도 세브란스병원 신축공사를 둘러싼 통합발주 논란이 인천 전문건설업계 전반으로 확산되고 있다. 전기·정보통신·소방 분야 단체들은 연세대 의료원이 추진 중인 입찰 방식이 분리발주 원칙을 외면한 채 지역 중소... ,https://www.dailian.co.kr/news/view/1649880/?sc=Naver,https://n.news.naver.com/mnews/article/119/0003095510?sid=102,"Thu, 28 May 2026 18:06:00 +0900",2026-05-29 23:54:14
세브란스병원,세브란스병원,초고령사회 新주거 트렌드…건설사들 '시니어 레지던스' 경쟁,2019년 용인세브란스 병원 바로 뒤에 공급된 시니어 레지던스 '스프링카운티자이'는 입주 이후 매매가가 약 5억 원 가량 올랐다. 이날 네이버 부동산에 올라온 전용 59㎡ 매도 희망가는 8억~8억3000만 원 수준이다. 이... ,https://www.kpinews.kr/newsView/1065596831905954,https://www.kpinews.kr/newsView/1065596831905954,"Thu, 28 May 2026 17:26:00 +0900",2026-05-29 23:54:14
세브란스병원,세브란스병원,"박혜진 국립오페라단 예술감독 ""다양한 연결로 오페라 저변 확장""","앞으로 국립오페라단은 연세대 세브란스 병원과 협약을 통해 무대에서 부상 사고가 있을 경우 신속한 전문 의료진의 치료를 받을 수 있다.""고 말했다. 또 최근 지방 선거를 앞두고 불거진 대구와 부산 등으로 국립... ",https://www.hankyung.com/article/202605283001i,https://n.news.naver.com/mnews/article/015/0005292416?sid=103,"Thu, 28 May 2026 17:22:00 +0900",2026-05-29 23:54:14
세브란스병원,세브란스병원,"박혜진 국립오페라단장 “한국 정서 담은 오페라, 해외 알리겠다”",사람이 아니어서 고인의 부상 사실을 1년 뒤에야 알았다. 유감스럽다”며 “국립오페라단은 세브란스 병원과 협업해 부상 이후 이송 시스템을 구축하려고 준비 중”이라고 설명했습니다. [사진 출처 : 국립오페라단 제공],https://news.kbs.co.kr/news/pc/view/view.do?ncd=8572418&ref=A,https://n.news.naver.com/mnews/article/056/0012189780?sid=103,"Thu, 28 May 2026 17:20:00 +0900",2026-05-29 23:54:14
세브란스병원,세브란스병원,[병원계 소식] 5월 28일,둘째 날 행사는 용인세브란스병원 대강당 및 컨퍼런스룸에서 진행된다. 세션 1에서는 용인세브란스병원의 스마트병원 체험 투어가 예정돼 있다. 세션 2에서는 디지털 정신의학 분야에서 병원과 산업계 협력의 현재와... ,http://www.doctorstimes.com/news/articleView.html?idxno=238268,http://www.doctorstimes.com/news/articleView.html?idxno=238268,"Thu, 28 May 2026 16:22:00 +0900",2026-05-29 23:54:14
세브란스병원,세브란스병원,"용인세브란스병원, 신축 6주년·개원 43주년 기념행사 개최",연세대학교 용인세브란스병원이 신축 6주년과 개원 43주년을 맞아 교직원과 함께 병원의 발자취를 돌아보고 미래 도약 의지를 다지는 기념행사를 개최했다. 연세대학교 용인세브란스병원은 지난 27일 병원 4층... ,http://www.whosaeng.com/170911,http://www.whosaeng.com/170911,"Thu, 28 May 2026 15:52:00 +0900",2026-05-29 23:54:14
세브란스병원,세브란스병원,"[6·3 지방선거] 연수구 정지열 vs 이재호,  후보 도덕성과 재정·교통 문...","연수구선거방송토론위원회 주관으로 27일 공개한 TV토론회에서 양 후보는 송도세브란스병원 개원 지연 문제와 원도심 재정비, 송도 분구, 공공의료, 교통정책 등을 두고 치열한 공방을 이어갔다. 토론 초반부터 양측은... ",http://www.incheonnews.com/news/articleView.html?idxno=436889,http://www.incheonnews.com/news/articleView.html?idxno=436889,"Thu, 28 May 2026 15:44:00 +0900",2026-05-29 23:54:14
세브란스병원,세브란스병원,"박혜진 국립오페라단장 ""한국적 오페라 개발…인사 논란은 억울""","박 단장은 ""제가 직접 섭외한 사람이 아니어서 고인의 부상 사실을 1년 뒤에야 알았다. 유감스럽다""며 ""국립오페라단은 세브란스 병원과 협업해 부상 이후 이송 시스템을 구축하려고 준비 중""이라고 설명했다.",https://www.yna.co.kr/view/AKR20260528094400005?input=1195m,https://n.news.naver.com/mnews/article/001/0016105231?sid=103,"Thu, 28 May 2026 15:26:00 +0900",2026-05-29 23:54:14
세브란스병원,세브란스병원,분리발주 외면한 연세대 의료원 '규탄'…거리로 나선 인천 전기공사업계,인천지역 전기공사업계가 분리발주 의무를 지키지 않은 연세대학교 의료원의 송도 세브란스병원 신축공사 입찰에 항의하며 거리로 나섰다. 한국전기공사협회 인천광역시회(회장 홍종경)는 5월 28일 인천시청 앞에서... ,https://www.electimes.com/news/articleView.html?idxno=368558,https://www.electimes.com/news/articleView.html?idxno=368558,"Thu, 28 May 2026 14:58:00 +0900",2026-05-29 23:54:14
세브란스병원,세브란스병원,"연세의대, 제23회 ‘에비슨 의생명 심포지엄’ 개최",둘째 날 행사는 용인세브란스병원 대강당 및 컨퍼런스룸에서 열린다. 첫 세션에서는 용인세브란스병원의 스마트병원 체험 투어가 마련된다. 이어지는 세션에서는 디지털 정신의학 분야에서 병원과 산업계... ,http://www.whosaeng.com/170906,http://www.whosaeng.com/170906,"Thu, 28 May 2026 14:56:00 +0900",2026-05-29 23:54:14
세브란스병원,세브란스병원,"메쥬, 차세대 제품 제조허가…실적 개선 기대감에 ‘급등’ [Why 바이오...",이 제품이 세브란스병원을 시작으로 여러 국내 상급종합병원으로 확대될 가능성이 제기되면서 연간 실적 개선에 대한 기대감이 커지고 있다. 하나증권은 “중앙 모니터링 시스템(Live Studio) 실적까지 감안하면... ,https://www.sedaily.com/article/20049263?ref=naver,https://n.news.naver.com/mnews/article/011/0004625404?sid=101,"Thu, 28 May 2026 14:56:00 +0900",2026-05-29 23:54:14
세브란스병원,세브란스병원,어르신 인플루엔자 백신 접종 확대…지방선거 앞두고 여야 한목소리,김창오 세브란스병원 노년내과 교수는 지난달 서울 서대문구 주한프랑스대사관에서 열린 정책세미나에서 “고령층에서의 인플루엔자는 단순 호흡기 감염을 넘어 심혈관·대사질환 악화의 촉발 요인이 될 수 있다”며... ,https://www.etoday.co.kr/news/view/2588657,https://www.etoday.co.kr/news/view/2588657,"Thu, 28 May 2026 14:56:00 +0900",2026-05-29 23:54:14
세브란스병원,세브란스병원,"송도세브란스병원 건립, 입찰 조건 완화 놓고 공정성 논란",개원 2028년 연기·공사비 1조 원대 전망…부채비율 기준 변경 배경에 업계 의혹 제기 인천 송도국제도시 핵심 의료 인프라로 추진 중인 송도세브란스병원 건립 사업이 공사비 증가와 입찰 참가 조건 변경을 둘러싼 공정성... ,https://www.livesnews.com/news/article.html?no=61693,https://www.livesnews.com/news/article.html?no=61693,"Thu, 28 May 2026 14:38:00 +0900",2026-05-29 23:54:14
세브란스병원,세브란스병원,"라파스,알레르기비염 면역치료제 임상 2b/3상 IND변경승인 신청","간 세브란스병원에서 진행될 예정이다. 환자 증상이 얼마나 개선됐는지, 보조 약물 사용량은 얼마나 줄었는지를 종합적으로 평가해 약의 실질적 치료 효과를 글로벌 기준에 맞춰 객관적으로 입증할 계획이다.한편... ",https://www.yakup.com/news/index.html?mode=view&cat=12&nid=327811,https://www.yakup.com/news/index.html?mode=view&cat=12&nid=327811,"Thu, 28 May 2026 14:20:00 +0900",2026-05-29 23:54:14
세브란스병원,세브란스병원,메쥬 17% 급등…상급병원 도입 기대감 부각[특징주],특히 전남대병원 시범사업 이후 세브란스병원 등 상급종합병원으로 도입이 확대될 가능성이 거론되며 레퍼런스 확산 기대도 커지는 분위기다. 메쥬는 바이오메디컬 텔레메트리(생체신호 원격전송) 기술 기반... ,https://www.newsway.co.kr/news/view?ud=2026052813314281616,https://www.newsway.co.kr/news/view?ud=2026052813314281616,"Thu, 28 May 2026 13:48:00 +0900",2026-05-29 23:54:14
세브란스병원,세브란스병원,김문영 대한기독병원협회장 취임,김문영 원주세브란스기독병원장(왼쪽)이 23일 열린 제50차 대한기독병원협회 정기총회에서 제28대 회장에 취임했다. 김문영 원주세브란스기독병원장이 23일 열린 제50차 대한기독병원협회 정기총회에서 제28대 회장에... ,http://www.doctorsnews.co.kr/news/articleView.html?idxno=164742,http://www.doctorsnews.co.kr/news/articleView.html?idxno=164742,"Thu, 28 May 2026 13:44:00 +0900",2026-05-29 23:54:14
세브란스병원,세브란스병원,"박혜진 국립오페라단장 ""인사 논란 억울…준비된 단장이라 생각""","이어 ""안전사고는 오페라뿐 아니라 다른 장르에서도 반복되는 중요한 문제""라며 ""국립오페라단은 연세대 세브란스병원과 협업해 응급 대응 시스템 구축을 준비 중""이라고 설명했다. 지난해 소프라노 안젤라 게오르규의... ",https://www.newsis.com/view/NISX20260528_0003647397,https://n.news.naver.com/mnews/article/003/0013972894?sid=103,"Thu, 28 May 2026 13:32:00 +0900",2026-05-29 23:54:14
세브란스병원,세브란스병원,박혜진 “인사 논란 억울…나는 준비된 국립오페라단 단장”,그런 일이 일어나지 않도록 국립오페라단에 온 뒤 연세대 세브란스 병원과 협의해 부상자가 발생하면 신속하게 처치를 받는 시스템을 구축하려고 한다”고 피력했다. 이날 기자간담회에서는 대구와 부산 등에서... ,https://www.kmib.co.kr/article/view.asp?arcid=0029885270&code=61171411&cp=nv,https://n.news.naver.com/mnews/article/005/0001851579?sid=103,"Thu, 28 May 2026 12:29:00 +0900",2026-05-29 23:54:14
세브란스병원,세브란스병원,CKM증후군 등에 대응할 안전한 통합치료 전략 요구돼,연세의대 이찬주 교수(세브란스병원 심장내과)는 지난 22일 열린 대한고혈압학회 춘계학술대회에서 'Integrated Management of Hypertension and Dyslipidemia for Cardiovascular Disease Prevention'을 주제로 강연을 펼쳤다. 이 교수는... ,https://www.monews.co.kr/news/articleView.html?idxno=411465,https://www.monews.co.kr/news/articleView.html?idxno=411465,"Thu, 28 May 2026 12:06:00 +0900",2026-05-29 23:54:14
세브란스병원,세브란스병원,"연세대 의대, 내달 11~12일 '에비슨 의생명 심포지엄' 개최",둘째 날 행사는 용인세브란스병원 대강당 및 컨퍼런스룸에서 진행된다. 세션 1에서는 용인세브란스병원의 스마트병원 체험 투어가 예정돼 있다. 세션 2에서는 디지털 정신의학 분야에서 병원과 산업계 협력의... ,https://www.rapportian.com/news/articleView.html?idxno=236497,https://www.rapportian.com/news/articleView.html?idxno=236497,"Thu, 28 May 2026 12:04:00 +0900",2026-05-29 23:54:14
세브란스병원,세브란스병원,차팅 대신 진료에 집중하세요…'닥터펜슬'이 바꾸는 진료실 풍경,"닥터펜슬이 그려갈 더 자세한 청사진은 오는 6월 24일부터 26일까지 세브란스병원에서 열리는 'HiPex(Hospital Innovation and Patient Experience Conference, 하이펙스) 2026'에서 공개될 예정이다.",http://www.docdocdoc.co.kr/news/articleView.html?idxno=3038881,http://www.docdocdoc.co.kr/news/articleView.html?idxno=3038881,"Thu, 28 May 2026 11:52:00 +0900",2026-05-29 23:54:14
세브란스병원,세브란스병원,"""청약 대기 수요 이어지는 강남권""···'호반써밋 양재' 공급","또한 언주초와 은성중, 은광여고, 양재고 등 교육시설과 코스트코, 이마트, 강남세브란스병원, 서초구청 등 생활 인프라도 인접해 있다. '호반써밋 양재'는 지하 7층~지상 17층, 1개 동, 전용면적 23~54㎡ 총 224가구 규모로... ",https://www.enetnews.co.kr/news/articleView.html?idxno=50549,https://www.enetnews.co.kr/news/articleView.html?idxno=50549,"Thu, 28 May 2026 11:38:00 +0900",2026-05-29 23:54:14
세브란스병원,세브란스병원,[특징주] 신제품·상급병원 진입 전망에…메쥬 주가 21% 급등,또한 전남대병원 시범사업 이후 세브란스병원 등 상급종합병원으로의 도입 확대 가능성이 거론되며 레퍼런스 확산 기대가 강화됐다. 아울러 필립스·GE헬스케어 중심의 과점 구조에 변화 가능성이 제기되면서... ,http://www.newsdream.kr/news/articleView.html?idxno=112335,http://www.newsdream.kr/news/articleView.html?idxno=112335,"Thu, 28 May 2026 11:08:00 +0900",2026-05-29 23:54:14
세브란스병원,세브란스병원,서울 아파트 고집 안 해도…지방에서 '이 정도' 환경이면 상위 10% 노후...,"천안에는 단국대학교병원과 순천향대학교 천안병원이 있고, 원주에는 연세대학교 원주세브란스기독병원이 위치해 있어 수도권 수준의 3차 의료기관 접근이 가능하다. 의료 인프라 측면에서 지방 중소도시 중... ",https://www.wikitree.co.kr/articles/1138684,https://www.wikitree.co.kr/articles/1138684,"Thu, 28 May 2026 10:44:00 +0900",2026-05-29 23:54:14
세브란스병원,세브란스병원,"""바이오 클러스트만 전국에 20곳"" 선거 공약이 만든 묻지마식 난립",여기에 2029년 송도 세브란스 병원이 개원하고 송도와 인접한 시흥에 서울대병원이 들어서면 대표적인 글로벌 바이오 클러스터인 보스턴과 비견할 수 있을 정도의 산·학·연·병 생태계가 완성될 수 있다는 게 김 원장의... ,https://www.bizhankook.com/bk/article/32375,https://www.bizhankook.com/bk/article/32375,"Thu, 28 May 2026 10:36:00 +0900",2026-05-29 23:54:14
세브란스병원,세브란스병원,"라파스, 알레르기비염 면역치료제 'DF19001' 임상 2b/3상 IND 변경 재접수","이번 임상은 52주 투여 시 유효성과 안전성을 평가하기 위한 다기관, 무작위배정, 이중눈가림, 평행설계, 위약대조 방식의 제2b/3상 시험으로 국내에서 수행되며, 세브란스병원이 실시기관이다. 회사는 1차... ",https://www.cbci.co.kr/news/articleView.html?idxno=577711,https://www.cbci.co.kr/news/articleView.html?idxno=577711,"Thu, 28 May 2026 10:28:00 +0900",2026-05-29 23:54:14
세브란스병원,세브란스병원,"지엔히어링, WCA 2026서 차세대 청각 기술과 임상 연구 성과 대거 공개",같은 날 신촌세브란스병원 이비인후과 정진세 교수 연구팀은 ‘양측 감각신경성 난청 환자에서 양이 방향성 빔포밍(Front Focus)의 임상적 효능’ 연구 결과를 발표했다. 지엔히어링의 프리미엄 보청기 브랜드... ,https://www.edaily.co.kr/news/newspath.asp?newsid=03296406645453512,https://n.news.naver.com/mnews/article/018/0006292076?sid=105,"Thu, 28 May 2026 09:56:00 +0900",2026-05-29 23:54:14
세브란스병원,세브란스병원,"퀴즈노스, 삼성서울병원점 오픈","퀴즈노스는 현재 서울아산병원과 서울성모병원, 고대안암병원, 원주세브란스병원 등 주요 의료기관에 입점해 있다. 또한 연세대와 이화여대, 서울대 의대, KAIST 등 대학 캠퍼스 내 매장 운영도 이어가며 특수 상권 기반... ",https://www.itbiznews.com/news/articleView.html?idxno=214280,https://www.itbiznews.com/news/articleView.html?idxno=214280,"Thu, 28 May 2026 09:54:00 +0900",2026-05-29 23:54:14
세브란스병원,세브란스병원,"""심플랫폼, 피지컬 AI 확산 수혜 본격화"" - 신한투자증권","강남세브란스병원 의료데이터 통합 모니터링 시스템과 국가대표 AI 코칭 솔루션 등이 대표 사례다. 최 연구위원은 ""심플랫폼은 특정 산업 전용 솔루션이 아니라 범용 AI 플랫폼 구조를 갖추고 있어 산업 확장성이... ",https://www.newspim.com/news/view/20260528000213,https://www.newspim.com/news/view/20260528000213,"Thu, 28 May 2026 09:52:00 +0900",2026-05-29 23:54:14
세브란스병원,세브란스병원,병원의학 도입 10년…성과와 과제는?,"첫 번째 세션에서는 신동호 연세의대 교수가 '병원의학 성찰과 사명'에 대해 발표하며, 정윤빈 입원전담전문의(세브란스병원 외과)가 '병원의학의 중장기 발전 로드맵'을 제시한다. 특히 이 자리에서는... ",http://www.doctorsnews.co.kr/news/articleView.html?idxno=164731,http://www.doctorsnews.co.kr/news/articleView.html?idxno=164731,"Thu, 28 May 2026 09:52:00 +0900",2026-05-29 23:54:14
세브란스병원,세브란스병원,"연세의대, '디지털 정신의학' 조망 국제 심포지엄 개최",제23회 에비슨 의생명 심포지엄 [제공=세브란스병원] ⓒ의협신문 최근 의생명 연구 분야에서 주목받고 있는 '디지털 정신의학(Digital Medicine in Mental Health)'을 주제로 국내외 석학들이 한자리에 모인다.... ,http://www.doctorsnews.co.kr/news/articleView.html?idxno=164732,http://www.doctorsnews.co.kr/news/articleView.html?idxno=164732,"Thu, 28 May 2026 09:52:00 +0900",2026-05-29 23:54:14
세브란스병원,세브란스병원,"두산위브 파빌리온 역삼, 회사보유분 임대 공급 개시",인근 학군 밀집 지역의 유동인구와 강남 업무지구의 풍부한 직장인 수요를 아우를 수 있는 입지로 도곡근린공원과 강남세브란스병원은 도보 약 7분 거리에 위치하며 이마트·롯데백화점 등 생활 인프라도 인접해 있어... ,http://www.segyebiz.com/newsView/20260528504475?OutUrl=naver,http://www.segyebiz.com/newsView/20260528504475?OutUrl=naver,"Thu, 28 May 2026 09:48:00 +0900",2026-05-29 23:54:14
세브란스병원,세브란스병원,"[행사] 연세대의대, '에비슨 의생명 심포지엄' 개최","둘째 날 행사의 첫 세션은 용인세브란스병원 스마트병원 체험 투어가 예정됐다. 두 번째 세션에서는 디지털 정신의학 분야에서 병원과 산업계 협력의 현재와 미래를 논의한다. 연세대 김수정, 윤덕용 교수, 와이브레인... ",https://www.monews.co.kr/news/articleView.html?idxno=411461,https://www.monews.co.kr/news/articleView.html?idxno=411461,"Thu, 28 May 2026 09:46:00 +0900",2026-05-29 23:54:14
세브란스병원,세브란스병원,"포르쉐코리아, ""난치병 환아 400명에게 온기 전했다""","-메이크어위시 코리아와 함께 -‘해피 칠드런스 데이’ 진행 포르쉐코리아가 메이크어위시코리아와 함께 난치병 환아와 가족을 위한 ‘해피 칠드런스 데이, 소원이 자라는 5월’ 행사를 세브란스 어린이병원에서... ",http://autotimes.co.kr/detail.php?number=687870&thread=27,http://autotimes.co.kr/detail.php?number=687870&thread=27,"Thu, 28 May 2026 09:42:00 +0900",2026-05-29 23:54:14
삼성서울병원,삼성서울병원,더워도 여전한 러닝 열풍...건강에 ‘독’ 될 수도,"박경민 삼성서울병원 순환기내과 교수와 김영주 성신여대 운동재활복지학과 교수 연구팀이 2024년 임상의학저널에 발표한 논문에 따르면, 전체 인구의 운동 유발성 고혈압 유병률은 3~4% 수준에 머물렀지만 마라톤을 즐기는... ",https://www.mk.co.kr/article/12061147,https://n.news.naver.com/mnews/article/024/0000105885?sid=101,"Fri, 29 May 2026 17:01:00 +0900",2026-05-29 23:54:16
삼성서울병원,삼성서울병원,"'산은 내 안에 있다'전, 한평생 산을 품은 화가… 유영국의 예술 세계 총...","1994년 삼성서울병원에 설치된 '산 레드 앤 블루' 연작은 생의 마지막 순간까지도 산을 통해 무한의 세계를 바라보려 했던 작가의 시선을 보여준다. 당시 그는 병환으로 몸이 크게 쇠약해져 휠체어에 의지해야 했고, 대형... ",https://www.100ssd.co.kr/news/articleView.html?idxno=209748,https://www.100ssd.co.kr/news/articleView.html?idxno=209748,"Fri, 29 May 2026 16:42:00 +0900",2026-05-29 23:54:16
삼성서울병원,삼성서울병원,"삼성서울병원 김미진 교수, '소아 장질환' 가이드북 발간…""환아·가족...","삼성서울병원 김미진 교수가 발간한  '그럼에도 , 아이는 자란다' 책 표지. [사진=삼성서울병원] 삼성서울병원(원장 박승우) 소아청소년과 김미진 교수가 소아청소년 염증성 장질환(IBD; Inflammatory Bowel Disease) 환자와 가족을... ",http://www.newsian.co.kr/news/articleView.html?idxno=90284,http://www.newsian.co.kr/news/articleView.html?idxno=90284,"Fri, 29 May 2026 16:30:00 +0900",2026-05-29 23:54:16
삼성서울병원,삼성서울병원,"그럼에도, 아이는 자란다","김미진 성균관의대 교수(삼성서울병원 소아청소년과)가 소아청소년 크론병과 궤양성 대장염 안내서 <그럼에도, 아이는 자란다>를 펴냈다. 책 속에는 저자가 지난해 한 해 동안 식키즈병원에서 연구년을 보내면서 느꼈던... ",http://www.doctorsnews.co.kr/news/articleView.html?idxno=164764,http://www.doctorsnews.co.kr/news/articleView.html?idxno=164764,"Fri, 29 May 2026 16:28:00 +0900",2026-05-29 23:54:16
삼성서울병원,삼성서울병원,"삼성서울병원, 'AI 기반 수술로봇 이노베이션랩 구축' 주관 기관 선정",삼성서울병원이 보건복지부가 공모한 AI 기반 수술로봇 이노베이션랩 구축 및 활용 사업의 주관 기관으로 최종 선정됐다고 28일 밝혔다. 이번 사업은 복지부가 바이오헬스 미래 성장동력 확보를 위해 추진하는 2026년도... ,https://www.pharmnews.com/news/articleView.html?idxno=303844,https://www.pharmnews.com/news/articleView.html?idxno=303844,"Fri, 29 May 2026 13:10:00 +0900",2026-05-29 23:54:16
삼성서울병원,삼성서울병원,중증 소아환자들의 특별한 에버랜드 나들이,평소 외출이 어려운 중증 소아환자들이 삼성서울병원 의료진과 함께 특별한 나들이를 경험했다. 삼성서울병원 소아완화·재택의료팀은 지난 26일 용인 에버랜드에서 중증 소아환자와 가족을 초청해 '픽스닉(PHCSnic)... ,http://www.docdocdoc.co.kr/news/articleView.html?idxno=3039581,http://www.docdocdoc.co.kr/news/articleView.html?idxno=3039581,"Fri, 29 May 2026 12:54:00 +0900",2026-05-29 23:54:16
삼성서울병원,삼성서울병원,‘런웨이의 전설’ 정소미 더모델즈 대표 별세,"(KOFMAA)를 설립해 초대 회장을 맡아 패션산업 발전과 모델 권익 보호에 나섰다. 빈소는 삼성서울병원장례식장 17호실(02-3410-3151)이며, 발인은 5월 30일 오전 10시 30분, 장지는 삼성개발공원묘원 엘리시움이다.",https://www.womennews.co.kr/news/articleView.html?idxno=278111,https://n.news.naver.com/mnews/article/310/0000137062?sid=102,"Fri, 29 May 2026 12:19:00 +0900",2026-05-29 23:54:16
삼성서울병원,삼성서울병원,[BOOK소리] 크론병·궤양성대장염을 앓아도 아이는 자란다,"삼성서울병원 소아청소년과 김미진 교수가 소아청소년 염증성장질환 환자와 가족을 위한 안내서 <그럼에도, 아이는 자란다>를 출간했다. 김미진 교수는 15년 이상 크론병과 궤양성 대장염을 겪는 환아와 그 가족을 진료해온... ",https://www.koreahealthlog.com/news/articleView.html?idxno=57366,https://www.koreahealthlog.com/news/articleView.html?idxno=57366,"Fri, 29 May 2026 09:50:00 +0900",2026-05-29 23:54:16
삼성서울병원,삼성서울병원,"삼성서울병원, AI 기반 수술로봇 개발 나선다","삼성서울병원이 AI 기반 수술로봇 개발에 나선다. 정부 과제에 선정된 결과다. 이에 따라 삼성서울병원은 5년간 100억 원의 예산을 들여 수술로봇 개발은 물론, 상용화를 밀착 지원할 예정이다. 삼성서울병원은 최근... ",http://www.whosaeng.com/170932,http://www.whosaeng.com/170932,"Fri, 29 May 2026 09:34:00 +0900",2026-05-29 23:54:16
삼성서울병원,삼성서울병원,[단독] “간이식 후 38일 무슨 일 있었나”…삼성서울병원·유가족 진실...,간이식 수술 후 급성 면역거부반응 의심 증상이 나타난 환자에 대해 삼성서울병원이 적절한 검사와 입원 치료를 신속히 시행했는지를 둘러싸고 유가족과 병원 측 주장이 엇갈리고 있다. 유가족은 이상 징후 이후... ,https://www.megaeconomy.co.kr/news/newsview.php?ncode=1065571721972723,https://www.megaeconomy.co.kr/news/newsview.php?ncode=1065571721972723,"Fri, 29 May 2026 09:26:00 +0900",2026-05-29 23:54:16
삼성서울병원,삼성서울병원,"삼성서울 김미진 교수, 출간","삼성서울병원(원장 박승우) 소아청소년과 김미진 교수가 소아청소년 염증성 장질환(Inflammatory Bowel Disease, IBD) 환자와 가족을 위한 안내서 <그럼에도, 아이는 자란다(서울의학서적, 244쪽)>를 출간했다. 김미진 교수는 15년... ",http://www.whosaeng.com/170927,http://www.whosaeng.com/170927,"Fri, 29 May 2026 09:04:00 +0900",2026-05-29 23:54:16
삼성서울병원,삼성서울병원,"그로쓰리서치 ""이엔셀, CDMO 회복·日 재생의료·EN001 2상...리레이팅 3...","이어 ""실제 이엔셀은 국내 CGT CDMO 업체 가운데 유일하게 병원 내 GMP 시설을 보유하고 있으며, 삼성서울병원 내 인프라를 기반으로 환자 세포 확보부터 생산까지 연계할 수 있다""며 ""얀센, 노바티스 등 글로벌... ",http://www.fnnews.com/news/202605290815114944,https://n.news.naver.com/mnews/article/014/0005527997?sid=101,"Fri, 29 May 2026 08:18:00 +0900",2026-05-29 23:54:16
삼성서울병원,삼성서울병원,"[신간] 그럼에도, 아이는 자란다","삼성서울병원 김미진 교수(소아청소년과)가 소아청소년 염증성 장질환(IBD) 환자와 가족을 위한 안내서 '그럼에도, 아이는 자란다'를 출간했다. 이 책은 진료실에서 만난 아이들과 가족의 경험을 바탕으로 병을 이해하고... ",https://www.monews.co.kr/news/articleView.html?idxno=411488,https://www.monews.co.kr/news/articleView.html?idxno=411488,"Fri, 29 May 2026 08:10:00 +0900",2026-05-29 23:54:16
삼성서울병원,삼성서울병원,"최신 항암신약 데이터 집결…국내 제약, ASCO 출격","박연희 삼성서울병원 교수는 ADC 항암제 '엔허투(트라스투주맙데룩스테칸)' 병용요법의 치료 지속성과 반응에 따른 임상 결과 분석을 공개하며, 김혜련 연세암병원 교수는 티움바이오의 TGFβRI·VEGFR2 이중 억제제... ",https://www.dailypharm.com/user/news/338912?REFERER=NP,https://www.dailypharm.com/user/news/338912?REFERER=NP,"Fri, 29 May 2026 06:02:00 +0900",2026-05-29 23:54:16
삼성서울병원,삼성서울병원,[부고]-정소미 더모델즈 대표 별세,"초대 회장을 맡는 등 왕성한 활동을 펼쳤으나 최근 재발한 병마를 이겨내지 못하고 생을 마감했다. 빈소는 삼성서울병원장례식장 17호실이며, 발인은 30일 오전 10시 30분, 장지는 삼성개발공원묘원 엘리시움이다.",http://okfashion.co.kr/detail.php?number=63631&thread=81r08,http://okfashion.co.kr/detail.php?number=63631&thread=81r08,"Thu, 28 May 2026 21:44:00 +0900",2026-05-29 23:54:16
삼성서울병원,삼성서울병원,[부고] 정소미 더모델즈 총감독 본인상,빈소는 삼성서울병원장례식장 17호실에 마련됐다. 발인은 30일 오전 10시 30분이며 장지는 삼성개발공원묘원 엘리시움이다. _ 별 세 : 2026년 05월 28일(목) 오후 01시 00분 _ 입 실 : 2026년 05월 28일(목) 오후 03시 30분... ,https://www.fashionbiz.co.kr/article/226653,https://www.fashionbiz.co.kr/article/226653,"Thu, 28 May 2026 18:36:00 +0900",2026-05-29 23:54:16
삼성서울병원,삼성서울병원,"“엄마가 미안해” 9개월 여아, 3명에 장기기증 영면",한국장기조직기증원 제공 한국장기조직기증원 제공 9개월 아기가 3명에게 새생명을 전달하고 영면에 들었다 27일 한국장기조직기증원은 이달 1일 삼성서울병원에서 생후 9개월 아기 장소민 양이 뇌사 장기기증으로 간과... ,https://www.munhwa.com/article/11591966?ref=naver,https://n.news.naver.com/mnews/article/021/0002794182?sid=102,"Thu, 28 May 2026 18:28:00 +0900",2026-05-29 23:54:16
삼성서울병원,삼성서울병원,삼성서울 AI 기반 수술로봇 개발 플랫폼 주관기관,"삼성서울병원이 보건복지부 공모 'AI 기반 수술로봇 이노베이션랩 구축 및 활용 사업'의 주관 기관으로 최종 선정됐다. 병원은 레인보우로보틱스, 로엔서지컬, 하해호 등 산학연병 컨소시엄을 통해 체화AI 기반... ",http://www.medical-tribune.co.kr/news/articleView.html?idxno=214069,http://www.medical-tribune.co.kr/news/articleView.html?idxno=214069,"Thu, 28 May 2026 18:16:00 +0900",2026-05-29 23:54:16
삼성서울병원,삼성서울병원,정소미 더모델즈 대표 별세,"지난해에는 ‘제1회 더 베스트 모델 온 더 런웨이’를 직접 기획해, K-패션모델 발굴을 이끌었다. 빈소 : 삼성서울병원장례식장 17호실 발인 : 5월 30일 토요일 10시30분 장지 : 삼성개발공원묘원 엘리시움",http://www.apparelnews.co.kr/news/news_view/?idx=225502,http://www.apparelnews.co.kr/news/news_view/?idx=225502,"Thu, 28 May 2026 17:48:00 +0900",2026-05-29 23:54:16
삼성서울병원,삼성서울병원,"""의료진 손잡고 에버랜드로""…외출 어렵던 환아들 특별한 소풍",삼성서울병원은 소아완화·재택의료팀은 지난 26일 용인 에버랜드에서 중증 소아 환자와 가족을 초청해 '픽스닉'(PHCSnic) 행사를 열었다고 28일 밝혔다. 의료기기 사용으로 외출이 어려운 환아와 장기간 돌봄으로 지친... ,https://www.news1.kr/bio/welfare-medical/6180625,https://n.news.naver.com/mnews/article/421/0008971845?sid=105,"Thu, 28 May 2026 16:49:00 +0900",2026-05-29 23:54:16
삼성서울병원,삼성서울병원,"부음. 정소미 더모델즈 대표, 오늘 낮 별세","한국패션업계와 한국섬유신문은 정소미 대표를 추모하며 영면을 기원한다. 장례식장은 삼성서울병원장례식장 17호실이며 발인은 30일 토요일 10시30분, 장지는 삼성개발공원묘원 엘리시움이다.",http://www.ktnews.com/news/articleView.html?idxno=146270,http://www.ktnews.com/news/articleView.html?idxno=146270,"Thu, 28 May 2026 16:00:00 +0900",2026-05-29 23:54:16
삼성서울병원,삼성서울병원,"삼성서울병원, AI 수술로봇 사업 주관기관 선정…5년간 100억 원 투입",삼성서울병원이 보건복지부의 'AI 기반 수술로봇 이노베이션랩 구축 및 활용 사업' 주관 기관으로 최종 선정됐다. 5년간 약 100억 원의 국비를 지원받아 체화AI(embodied AI) 기반 수술로봇 개발에 나선다. 이번 사업은... ,https://www.sentv.co.kr/article/view/sentv202605280097,https://www.sentv.co.kr/article/view/sentv202605280097,"Thu, 28 May 2026 15:56:00 +0900",2026-05-29 23:54:16
삼성서울병원,삼성서울병원,[이BIO] 종근당·메타비아·삼성서울병원 外,"선보인다 ◆메타비아 비만신약 'DA-1726', 고용량 임상서 체중·지방간 개선 확인 ◆제약바이오협회, 윤리경영 워크숍 개최…""준법경영 중요성 확대"" ◆""병원이 직접 만든다""…삼성서울병원, AI 수술로봇 개발 본격화",http://www.newsprime.co.kr/news/article.html?no=734953,http://www.newsprime.co.kr/news/article.html?no=734953,"Thu, 28 May 2026 15:14:00 +0900",2026-05-29 23:54:16
삼성서울병원,삼성서울병원,"""외출 힘든 중증소아 환아""…나들이 선물한 병원",삼성서울병원이 의료기기 사용으로 외출이 어려운 환아와 가족들에게 나들이를 선물했다. 삼성서울병원 소아완화·재택의료팀은 지난 26일 용인 에버랜드에서 중증 소아 환자와 가족을 초청해 '픽스닉'(PHCSnic) 행사를... ,https://www.newsis.com/view/NISX20260528_0003647649,https://n.news.naver.com/mnews/article/003/0013973328?sid=102,"Thu, 28 May 2026 14:46:00 +0900",2026-05-29 23:54:16
삼성서울병원,삼성서울병원,"[김태열의 생생건강S펜] “병원도 AI 로봇시대, 삼성서울병원 AI기반 수...",삼성서울병원은 보건복지부가 공모한 ‘AI 기반 수술로봇 이노베이션랩 구축 및 활용 사업’의 주관 기관으로 최종 선정됐다고 밝혔다. 이에 따라 삼성서울병원은 5년간 약 100억 원 규모의 국비를 지원받아 AI 기반... ,https://biz.heraldcorp.com/article/10758002?ref=naver,https://n.news.naver.com/mnews/article/016/0002649361?sid=101,"Thu, 28 May 2026 14:46:00 +0900",2026-05-29 23:54:16
삼성서울병원,삼성서울병원,"삼성서울병원, AI 기반 수술로봇 개발 플랫폼 구축 추진",삼성서울병원이 보건복지부의 ‘AI 기반 수술로봇 이노베이션랩 구축 및 활용 사업’ 주관 기관으로 선정됐다고 28일 밝혔다. 이번 선정은 보건복지부의 2026년도 제1차 보건의료기술 연구개발사업에 따른 것이다.... ,http://www.lawissue.co.kr/view.php?ud=20260528141731592f4ab64559d_12,http://www.lawissue.co.kr/view.php?ud=20260528141731592f4ab64559d_12,"Thu, 28 May 2026 14:24:00 +0900",2026-05-29 23:54:16
삼성서울병원,삼성서울병원,"삼성서울병원, 외출 어려운 중증 소아 환자 초청 '픽스닉' 진행",삼성서울병원 소아완화·재택의료팀은 지난 5월 26일 용인 에버랜드에서 중증 소아 환자와 가족을 초청해 '픽스닉(PHCSnic)' 행사를 열었다. 의료기기 사용으로 외출이 어려운 환아와 장기간 돌봄으로 지친 가족을 위해... ,http://www.bokuennews.com/news/article.html?no=278926,http://www.bokuennews.com/news/article.html?no=278926,"Thu, 28 May 2026 14:12:00 +0900",2026-05-29 23:54:16
삼성서울병원,삼성서울병원,"재택치료 받는 중증 환아들, 에버랜드서 ‘특별한 하루’",삼성서울병원 소아완화·재택의료팀이 26일 용인 에버랜드에서 중증 소아 환자와 가족에게 특별한 하루를 선물했다. 삼성서울병원은 올해 처음으로 '픽스닉(PHCSnic)' 행사를 열었다. 픽스닉이란 중증소아재택의료를... ,https://kormedi.com/?p=2819874,https://n.news.naver.com/mnews/article/296/0000100963?sid=102,"Thu, 28 May 2026 14:01:00 +0900",2026-05-29 23:54:16
삼성서울병원,삼성서울병원,"출산 후 늘어진 복부, 왜 쉽게 돌아오지 않을까… 박유나 원장이 말하는...",정회원 · 대한 비만 연구 의사회 정회원 · 세계 초음파학회 정회원 · 삼성서울병원 산부인과 외래교수 · 삼성서울병원 산부인과 전문의 · 삼성서울병원 산부인과 전공의 · 전 미래와 희망 원장 · 전 예다여성의원 원장,https://www.ikunkang.com/news/articleView.html?idxno=50975,https://www.ikunkang.com/news/articleView.html?idxno=50975,"Thu, 28 May 2026 13:50:00 +0900",2026-05-29 23:54:16
삼성서울병원,삼성서울병원,"50세 미만 위암, '병기' 따라 예후 갈렸다","젊은 위암, 국소 병기에서 유리···사망위험 48% 낮아 삼성서울병원 민병훈 교수(소화기내과) 연구팀은 한국 K-CURE 사업의 암 공공라이브러리 데이터베이스를 이용해 2012~2019년 새롭게 위암을 진단받은... ",https://www.monews.co.kr/news/articleView.html?idxno=411329,https://www.monews.co.kr/news/articleView.html?idxno=411329,"Thu, 28 May 2026 13:50:00 +0900",2026-05-29 23:54:16
삼성서울병원,삼성서울병원,"생후 9개월 장소민양, 뇌사 장기기증으로 3명에 새 삶",한국장기조직기증원은 지난 5월 1일 삼성서울병원에서 생후 9개월 장소민양이 뇌사 장기기증으로 3명의 환자에게 새 생명을 나누고 하늘의 별이 됐다고 밝혔다. 장양은 지난 4월 19일 열이 나기 시작해 소아과에서 약을... ,https://health.chosun.com/site/data/html_dir/2026/05/28/2026052802261.html,https://n.news.naver.com/mnews/article/346/0000110514?sid=103,"Thu, 28 May 2026 13:15:00 +0900",2026-05-29 23:54:16
삼성서울병원,삼성서울병원,“외출할 용기 생겼어요” 인공호흡기 달고 떠난 첫 가족소풍,이 시간이 천천히 갔으면 좋겠어요. ” 지난 26일 삼성서울병원 소아완화·재택의료팀이 마련한 ‘픽스닉(PHCSnic)’ 행사에 참여한 한 보호자는 “외부 활동을 시작해볼 용기가 생겼다”며 이 같은 소감을 밝혔다.... ,https://www.sedaily.com/article/20049199?ref=naver,https://n.news.naver.com/mnews/article/011/0004625356?sid=103,"Thu, 28 May 2026 12:33:00 +0900",2026-05-29 23:54:16
삼성서울병원,삼성서울병원,상장 재수·삼수생도 도전…활기 되찾은 바이오·헬스케어 IPO,"현재 폐암과 난소암 환자를 대상으로 서울성모병원, 삼성서울병원 등 국내 주요 병원에서 서비스를 제공 중이다. 아직 예비심사 청구 전인 바이오·헬스케어 기업도 IPO 준비에 속도를 내고 있다.... ",https://www.dailypharm.com/user/news/338913?REFERER=NP,https://www.dailypharm.com/user/news/338913?REFERER=NP,"Thu, 28 May 2026 12:10:00 +0900",2026-05-29 23:54:16
삼성서울병원,삼성서울병원,"삼성서울병원, 100억 규모 'AI 수술로봇' 국책과제 주관","삼성서울병원은 보건복지부 주관의 '인공지능(AI) 기반 수술로봇 이노베이션랩 구축 및 활용 사업'의 주관 기관으로 최종 선정, 본격적인 연구개발에 착수했다고 28일 밝혔다. 이번 사업은 정부가 바이오헬스 분야의... ",https://www.financialpost.co.kr/news/articleView.html?idxno=260728,https://www.financialpost.co.kr/news/articleView.html?idxno=260728,"Thu, 28 May 2026 11:30:00 +0900",2026-05-29 23:54:16
삼성서울병원,삼성서울병원,"삼성서울병원, AI 수술로봇 플랫폼 구축… 개발부터 인허가까지 지원","복지부 100억 투입, 레인보우로보틱스 등 참여 아주경제=이효정 기자 hyo@ajunews.com 삼성서울병원이 인공지능(AI) 기반 수술로봇 개발과 상용화를 지원하는 플랫폼 구축에 나선다. (오른쪽부터) 정용기 이비인후과... ",https://www.ajunews.com/view/20260528111107154,https://www.ajunews.com/view/20260528111107154,"Thu, 28 May 2026 11:24:00 +0900",2026-05-29 23:54:16
삼성서울병원,삼성서울병원,"AI 수술로봇 개발 허브 목표...삼성서울병원, 실증 플랫폼 구축 착수",김정아 기자 | 삼성서울병원이 병원 중심의 AI 수술로봇 개발·실증 허브 구축에 나선다. 삼성서울병원은 보건복지부가 공모한 ‘AI 기반 수술로봇 이노베이션랩 구축 및 활용 사업’의 주관 기관으로 최종... ,http://digitalchosun.dizzo.com/site/data/html_dir/2026/05/28/2026052880049.html,http://digitalchosun.dizzo.com/site/data/html_dir/2026/05/28/2026052880049.html,"Thu, 28 May 2026 11:14:00 +0900",2026-05-29 23:54:16
삼성서울병원,삼성서울병원,"삼성서울병원, AI 기반 수술 로봇 개발 플랫폼 구축 시동",삼성서울병원이 보건복지부 AI 기반 수술 로봇 사업에 선정됐다.[메디칼타임즈=이인복 기자]삼성서울병원(Samsung Medical Center)은 보건복지부가 공모한 AI 기반 수술로봇 이노베이션랩 구축 및 활용 사업의 주관... ,https://www.medicaltimes.com/Main/News/NewsView.html?ID=1168952&ref=naverpc,https://www.medicaltimes.com/Main/News/NewsView.html?ID=1168952&ref=naverpc,"Thu, 28 May 2026 11:06:00 +0900",2026-05-29 23:54:16
삼성서울병원,삼성서울병원,"삼성서울병원, AI 수술로봇 개발 플랫폼 구축…국비 100억 받아",삼성서울병원이 인공지능(AI) 기반 수술로봇 개발과 최종 상용화까지 밀착 지원하는 기술 플랫폼을 구축한다. 병원은 보건복지부의 'AI 기반 수술로봇 이노베이션랩 구축 및 활용 사업'의 주관 기관으로 선정됐다고... ,https://www.news1.kr/bio/welfare-medical/6180017,https://n.news.naver.com/mnews/article/421/0008970559?sid=105,"Thu, 28 May 2026 10:58:00 +0900",2026-05-29 23:54:16
삼성서울병원,삼성서울병원,"삼성서울병원, 국책과제로 'AI 기반 수술로봇 개발 플랫폼 구축' 시동",삼성서울병원은 보건복지부가 공모한 'AI 기반 수술로봇 이노베이션랩 구축 및 활용 사업'의 주관 기관으로 최종 선정됐다고 28일 밝혔다. 이에 따라 삼성서울병원은 5년간 약 100억 원 규모의 국비를 지원받아... ,https://www.koreahealthlog.com/news/articleView.html?idxno=57345,https://www.koreahealthlog.com/news/articleView.html?idxno=57345,"Thu, 28 May 2026 10:54:00 +0900",2026-05-29 23:54:16
삼성서울병원,삼성서울병원,"삼성서울, AI수술로봇 개발한다…국비 100억 지원",삼성서울병원이 정부로부터 향후 5년 간 100억을 지원 받아 인공지능(AI) 기반 수술로봇 개발에 나선다. 제품 개발 뿐 아니라 상용화까지 전 과정을 밀착 지원 받는다. 삼성서울병원은 보건복지부가 공모한 'AI 기반... ,https://www.widedaily.com/news/articleView.html?idxno=294776,https://www.widedaily.com/news/articleView.html?idxno=294776,"Thu, 28 May 2026 10:54:00 +0900",2026-05-29 23:54:16
삼성서울병원,삼성서울병원,삼성서울병원 'AI 수술로봇 개발 플랫폼' 주관 기관 선정,삼성서울병원이 보건복지부가 공모한 'AI 기반 수술로봇 이노베이션랩 구축 및 활용 사업'의 주관 기관으로 최종 선정됐다고 28일 밝혔다. 이번 사업은 복지부가 바이오헬스 미래 성장동력을 확보하기 위하여 준비한... ,http://www.doctorsnews.co.kr/news/articleView.html?idxno=164735,http://www.doctorsnews.co.kr/news/articleView.html?idxno=164735,"Thu, 28 May 2026 10:46:00 +0900",2026-05-29 23:54:16
삼성서울병원,삼성서울병원,"그로쓰리서치 ""이엔셀, CDMO 회복·신사업 효과 기대""","삼성서울병원 내 GMP 인프라를 활용한 리드타임 단축 경쟁력을 바탕으로 이미 얀센, 노바티스 등 글로벌 빅파마를 포함한 19개 고객사와 36개 프로젝트를 수행한 역량이 검증됐다. 여기에 약 2조원 규모의 일본 재생의료... ",https://www.cstimes.com/news/articleView.html?idxno=707545,https://www.cstimes.com/news/articleView.html?idxno=707545,"Thu, 28 May 2026 09:56:00 +0900",2026-05-29 23:54:16
삼성서울병원,삼성서울병원,"삼성서울병원, AI 수술로봇 개발…국비 100억원 지원",삼성서울병원이 인공지능(AI) 기반 수술 로봇 개발 및 최종 상용화까지 전담하는 기술 플랫폼을 구축한다. 28일 삼성서울병원은 보건복지부 'AI 기반 수술 로봇 이노베이션랩 구축 및 활용 사업'의 주관 기관으로... ,https://www.mt.co.kr/thebio/2026/05/28/2026052809062024181,https://n.news.naver.com/mnews/article/008/0005363889?sid=103,"Thu, 28 May 2026 09:45:00 +0900",2026-05-29 23:54:16
삼성서울병원,삼성서울병원,"[기업탐방] 이엔셀, CDMO 회복·일본 재생의료·EN001 2상으로 반전 시험...",삼성서울병원 내 GMP 시설을 기반으로 환자 세포 확보부터 생산까지 직접 연결할 수 있다. 자가세포치료제는 환자 세포를 채집한 뒤 가공·배양·투약까지 걸리는 시간이 중요하다. 병원 안 생산시설은 이 과정에서... ,https://theviewers.co.kr/View.aspx?No=4093392,https://theviewers.co.kr/View.aspx?No=4093392,"Thu, 28 May 2026 09:30:00 +0900",2026-05-29 23:54:16
삼성서울병원,삼성서울병원,"""재외동포 경제인 건강 지킨다""...월드옥타, 국내 종합검진 혜택 확대","특히 세브란스병원, 강남세브란스병원, 용인세브란스병원 등과 진료 연계 체계를 구축하고 있고, 서울대학교병원, 삼성서울병원, 중앙대학교병원, 서울아산병원 등 주요 의료기관과도 협력하고 있습니다. 박종범 회장은... ",https://www.ytn.co.kr/_ln/0103_202605280921272006,https://n.news.naver.com/mnews/article/052/0002358895?sid=102,"Thu, 28 May 2026 09:21:00 +0900",2026-05-29 23:54:16
삼성서울병원,삼성서울병원,삼성서울병원 'AI 수술로봇 개발 드림팀' 이끈다...국비 100억 투입,삼성서울병원이 정부 지원을 받아 인공지능(AI) 기반 수술로봇 개발에 본격 나선다. 병원을 중심으로 로봇·AI·인허가 전문기관이 참여하는 산학연병 협력 체계를 구축해 차세대 AI 수술로봇의 상용화까지 추진한다는... ,https://www.dailian.co.kr/news/view/1649485/?sc=Naver,https://n.news.naver.com/mnews/article/119/0003095180?sid=103,"Thu, 28 May 2026 09:18:00 +0900",2026-05-29 23:54:16
삼성서울병원,삼성서울병원,"삼성서울병원, 'AI 기반 수술로봇' 개발 플랫폼 구축",삼성서울병원이 인공지능(AI) 기반의 첨단 수술로봇 기술을 고도화하고 의료 현장에 안착시키기 위한 전초기지로 낙점됐다. 삼성서울병원은 보건복지부가 공모한 '인공지능(AI) 기반 수술로봇 이노베이션랩 구축 및... ,https://view.asiae.co.kr/article/2026052809063156506,https://n.news.naver.com/mnews/article/277/0005768694?sid=101,"Thu, 28 May 2026 09:06:00 +0900",2026-05-29 23:54:16
삼성서울병원,삼성서울병원,"삼성서울병원, AI 수술로봇 키운다…政 100억원 투입","복지부 5년 R&D 과제 선정 “임상·로봇 기업·AI 전문가 참여 ‘오로라랩’ 구축"" 삼성서울병원이 인공지능(AI) 기반 수술로봇 개발과 상용화를 지원하는 플랫폼 구축에 나선다. 삼성서울병원은 보건복지부의 ‘AI... ",https://biz.chosun.com/science-chosun/medicine-health/2026/05/28/RM7HWRXE7NALHJB5L7ZSA5LSDY/?utm_source=naver&utm_medium=original&utm_campaign=biz,https://n.news.naver.com/mnews/article/366/0001167600?sid=105,"Thu, 28 May 2026 09:05:00 +0900",2026-05-29 23:54:16
삼성서울병원,삼성서울병원,"삼성서울, AI수술로봇 개발한다…국비 100억 지원",삼성서울병원이 정부로부터 향후 5년 간 100억을 지원 받아 인공지능(AI) 기반 수술로봇 개발에 나선다. 제품 개발 뿐 아니라 상용화까지 전 과정을 밀착 지원 받는다. 삼성서울병원은 보건복지부가 공모한 'AI 기반... ,https://www.newsis.com/view/NISX20260528_0003646759,https://n.news.naver.com/mnews/article/003/0013971775?sid=102,"Thu, 28 May 2026 08:55:00 +0900",2026-05-29 23:54:16
삼성서울병원,삼성서울병원,"""다음 생엔 아프지 말길""…생후 9개월 소민양, 3명 살리고 떠났다","기증은 지난 5월 1일 삼성서울병원에서 진행됐다. 소민 양의 간과 신장, 소장은 각각 다른 환자들에게 이식됐다. 소민 양은 지난 4월 19일 고열 증세로 소아과 진료를 받았지만 상태가 계속 악화됐다. 이후 여러 병원을 찾은... ",https://www.kizmom.com/news/articleView.html?idxno=110592,https://www.kizmom.com/news/articleView.html?idxno=110592,"Thu, 28 May 2026 08:50:00 +0900",2026-05-29 23:54:16
삼성서울병원,삼성서울병원,[Part 3 | Wellness Clinic] ‘부자들의 놀이터에서 미래산업으로’ 검진...,또한 삼성서울병원 역시 숙박형 검진을 운영하고 있다. 한 업계 관계자는 이에 대해 “국내 대형 병원들이 운영하는 멤버십이나 숙박 검진 프로그램은 가격대가 300만원대 후반부터 시작해 프리미엄 프로그램은 1000만원을... ,https://www.mk.co.kr/article/12053455,https://n.news.naver.com/mnews/article/009/0005685997?sid=004,"Thu, 28 May 2026 08:41:00 +0900",2026-05-29 23:54:16
삼성서울병원,삼성서울병원,"[모닝 리포트] ""이엔셀, CDMO·일본 재생의료·희귀질환 치료제 '삼각 성...","이엔셀은 2018년 삼성서울병원에서 축적한 세포·유전자치료제(CGT) 기술을 기반으로 설립된 기업으로, 현재 세포·유전자치료제 CDMO와 줄기세포 기반 신약개발 사업을 영위하고 있다. 지난해 8월 코스닥 시장에... ",https://www.newspim.com/news/view/20260528000058,https://www.newspim.com/news/view/20260528000058,"Thu, 28 May 2026 08:20:00 +0900",2026-05-29 23:54:16
삼성서울병원,삼성서울병원,"[단독]에임드바이오, 갤럭스에 지분투자…뇌질환 항체 공동개발",에임드바이오는 삼성서울병원에서 분사한 ADC 전문기업으로 지난해 베링거인겔하임에 ADC 후보물질을 1조원대 규모로 기술수출한 바 있다. 이번 거래는 한국 ADC 기업이 AI 항체 설계 회사와 자본관계로 묶이기... ,https://view.asiae.co.kr/article/2026052807504823303,https://n.news.naver.com/mnews/article/277/0005768622?sid=101,"Thu, 28 May 2026 08:02:00 +0900",2026-05-29 23:54:16
삼성서울병원,삼성서울병원,9개월 아기천사의 마지막… 장기기증으로 3명 살리고 하늘로,"한국장기조직기증원에 따르면 이달 1일 삼성서울병원에서 생후 9개월 된 장소민 양이 뇌사 장기기증으로 간과 신장, 소장을 기증했다. 소민이는 4월 19일 몸에서 열이 나 소아과에서 약을 처방받았지만, 열은 며칠이나... ",https://news.tvchosun.com/site/data/html_dir/2026/05/28/2026052890007.html,https://n.news.naver.com/mnews/article/448/0000614926?sid=102,"Thu, 28 May 2026 06:23:00 +0900",2026-05-29 23:54:16
삼성서울병원,삼성서울병원,"의료 AI 바우처 사업, 소형과제 10개 추가 모집…6월 16일 마감","컨소시엄 3은 삼성서울병원 주관으로 한양대학교병원, 강북삼성병원, 삼성창원병원, 분당차병원 등 5개 기관, 컨소시엄 4는 서울대학교병원 주관으로 계명대학교동산병원, 동국대학교일산병원, 분당서울대학교병원... ",https://medicalworldnews.co.kr/news/view.php?idx=1510974936,https://medicalworldnews.co.kr/news/view.php?idx=1510974936,"Thu, 28 May 2026 06:10:00 +0900",2026-05-29 23:54:16
삼성서울병원,삼성서울병원,지휘봉 잡은 파킨슨 환자의 기적…'꿈의 치료' 임상 어디까지 왔나,"장경원 삼성서울병원 신경외과 교수는 ""도파민 줄기세포 이식은 보행장애, 경직, 떨림 등 환자의 삶의 질을 직접적으로 저하시키는 운동 증상을 크게 돕는다""며 ""증상 개선으로 약물 복용량까지 줄일 수 있다면 약물 장기... ",https://www.news1.kr/bio/general/6179274,https://n.news.naver.com/mnews/article/421/0008969954?sid=105,"Thu, 28 May 2026 06:00:00 +0900",2026-05-29 23:54:16
삼성서울병원,삼성서울병원,“엄마 뱃속 시간보다도 짧은 생”… 애끊는 모정,한국장기조직기증원은 지난 5월 1일 서울 강남구 삼성서울병원에서 태어난 지 9개월 된 장소민(사진)양이 뇌사 장기기증으로 3명의 환자에게 생명을 나누고 세상을 떠났다고 27일 밝혔다. 지난해 7월 2.5㎏의 작은 몸으로... ,https://www.seoul.co.kr/news/peoples/2026/05/28/20260528023004?wlog_tag3=naver,https://n.news.naver.com/mnews/article/081/0003647502?sid=102,"Thu, 28 May 2026 05:04:00 +0900",2026-05-29 23:54:16
삼성서울병원,삼성서울병원,“세상 어딘가 소민이 흔적 남길” 9개월 영아 장기기증,"27일 한국장기조직기증원에 따르면 이달 1일 장소민 양(1·사진)이 서울 강남구 삼성서울병원에서 간과 신장, 소장을 3명에게 기증했다. 지난해 7월 2.5kg의 작은 체구로 태어난 장 양은 9개월 차에도 몸무게가 7kg대에... ",https://www.donga.com/news/People/article/all/20260528/134005935/2,https://n.news.naver.com/mnews/article/020/0003722805?sid=102,"Thu, 28 May 2026 04:35:00 +0900",2026-05-29 23:54:16
삼성서울병원,삼성서울병원,"[단독] ③ 농협손해보험, 암 진단 보험금 청구 건 '0원 보상종결'...민원...",피해자는 2026년 3월 삼성서울병원에서 갑상선암(C73)과 림프절의 이차성 악성 신생물(C77.0) 진단을 받은 뒤 암진단비와 암주요치료비 등 복수 특약에 근거해 보험금을 청구했다. 그러나 청구 이후 외부 손해사정사 투입... ,https://www.newswhoplus.com/news/articleView.html?idxno=61178,https://www.newswhoplus.com/news/articleView.html?idxno=61178,"Thu, 28 May 2026 00:00:00 +0900",2026-05-29 23:54:16
삼성서울병원,삼성서울병원,"생후 9개월 아기, 하늘에 별 되다…3명에 장기기증 '뭉클'","27일 한국장기조직기증원에 따르면 이달 1일 삼성서울병원에서 생후 9개월 된 장소민 양이 뇌사 장기기증으로 간과 신장, 소장을 기증했다. 소민이는 지난 4월 19일 열이 나 소아과에서 약을 처방받았지만, 열은 며칠이나... ",https://www.hankyung.com/article/2026052726947,https://n.news.naver.com/mnews/article/015/0005292052?sid=103,"Wed, 27 May 2026 19:24:00 +0900",2026-05-29 23:54:16
삼성서울병원,삼성서울병원,"월드옥타, 연세미래체크업센터와 협약 체결",서울대병원·삼성서울병원·서울아산병원 등 주요 의료기관과 협력 네트워크도 운영 중이다. 월드옥타는 이번 협약을 계기로 용인세브란스병원과의 추가 협력도 검토하고 있다.,https://www.pointdaily.co.kr/news/articleView.html?idxno=306271,https://www.pointdaily.co.kr/news/articleView.html?idxno=306271,"Wed, 27 May 2026 19:06:00 +0900",2026-05-29 23:54:16
삼성서울병원,삼성서울병원,"[병원단신]연세대 용인세브란스병원, 신축 6주년·개원 43주년 기념행사...","◆이대서울병원 개원 7주년, 역사적 유산 계승하며 상급종합병원 진입 임박 이대서울병원은 지난 22일 개원... 만드는 병원으로 더 크게 도약하겠다""는 미래 비전을 밝혔다. ◆강북삼성병원, 스리랑카·몽골 ODA 사업 수주... ",https://www.getnews.co.kr/news/articleView.html?idxno=871058,https://www.getnews.co.kr/news/articleView.html?idxno=871058,"Wed, 27 May 2026 18:40:00 +0900",2026-05-29 23:54:16
삼성서울병원,삼성서울병원,"월드옥타, 연세미래체크업과 회원 건강검진 지원 협약 체결","특히 세브란스병원과 강남세브란스병원, 용인세브란스병원 등과 특별 진료 전달체계를 구축하고 있으며, 서울대학교병원과 삼성서울병원, 중앙대학교병원, 서울아산병원 등 주요 의료기관과도 협력병원 체계를 운영하고... ",https://www.industrynews.co.kr/news/articleView.html?idxno=81491,https://www.industrynews.co.kr/news/articleView.html?idxno=81491,"Wed, 27 May 2026 17:52:00 +0900",2026-05-29 23:54:16
삼성서울병원,삼성서울병원,"첫돌 두 달 앞두고 뇌사…생후 9개월 소민이, 3명에게 새 삶 남겼다",한국장기조직기증원은 지난 1일 삼성서울병원에서 생후 9개월 장소민 양이 뇌사 장기기증을 통해 3명의 환자에게 새 생명을 전하고 세상을 떠났다고 27일 밝혔습니다. 소민 양은 지난달 19일 열이 나기 시작해 소아과에서... ,https://news.jtbc.co.kr/article/NB12300123?influxDiv=NAVER,https://n.news.naver.com/mnews/article/437/0000493182?sid=102,"Wed, 27 May 2026 17:41:00 +0900",2026-05-29 23:54:16
삼성서울병원,삼성서울병원,심장혈액 반대로 흐르는 '판막역류증'…오해와 진실 4,"삼성서울병원 순환기내과 박성지 교수는 ""환자들에게 쉽게 설명하기 위해 이렇게 표현하기도 하지만 괜한 걱정만 키울 수 있다""며 ""판막이 잘 닫히지 않아 일부 혈액이 뒤로 되돌아오는 것이라고 정확히 표현해야 한다""고... ",https://www.k-health.com/news/articleView.html?idxno=92599,https://www.k-health.com/news/articleView.html?idxno=92599,"Wed, 27 May 2026 17:40:00 +0900",2026-05-29 23:54:16
삼성서울병원,삼성서울병원,"소요한남 by 파르나스, 최고 56.5대1…파르나스호텔 서비스 결합 시니어...","인근에는 순천향대학교 서울병원이 위치해 있으며, 서울대학교병원, 삼성서울병원, 세브란스병원 등 주요 상급종합병원 접근도 가능하다. 문화 인프라로는 리움미술관, 현대카드 라이브러리, 블루스퀘어 등... ",https://www.hankyung.com/article/202605272274O,https://n.news.naver.com/mnews/article/015/0005291890?sid=101,"Wed, 27 May 2026 17:05:00 +0900",2026-05-29 23:54:16
삼성서울병원,삼성서울병원,"허남구 에임드바이오 대표 ""1조 딜 근거 노블 타깃 ADC"" [현장+]",에임드바이오는 삼성서울병원 스핀오프 기업으로 환자유래세포(PDC)·환자유래이종이식모델(PDX)로 표적·항체를 검증한다. 자체 링커·페이로드 조합으로 후보물질을 설계하는 P-ADC 플랫폼을 핵심 경쟁력으로... ,https://www.bloter.net/news/articleView.html?idxno=663617,https://n.news.naver.com/mnews/article/293/0000085389?sid=101,"Wed, 27 May 2026 17:02:00 +0900",2026-05-29 23:54:16
삼성서울병원,삼성서울병원,"뇌수막염에 쓰러진 9개월 아기, 3명 살리고 하늘로 떠났다","27일 한국장기조직기증원에 따르면 이달 1일 장소민 양(1·사진)이 서울 강남구 삼성서울병원에서 간과 신장, 소장을 3명에게 기증했다. 지난해 7월 2.5kg의 작은 체구로 태어난 장 양은 9개월 차에도 몸무게가 7kg대에... ",https://www.donga.com/news/Society/article/all/20260527/134002580/1,https://n.news.naver.com/mnews/article/020/0003722630?sid=102,"Wed, 27 May 2026 16:51:00 +0900",2026-05-29 23:54:16
삼성서울병원,삼성서울병원,"생후 9개월 아기, 뇌사 장기기증으로 3명 살리고 하늘로","27일 한국장기조직기증원에 따르면 이달 1일 삼성서울병원에서 생후 9개월 된 장소민 양이 뇌사 장기기증으로 간과 신장, 소장을 기증했다. 소민이는 4월 19일 몸에서 열이 나 소아과에서 약을 처방받았지만 차도가 없었고... ",https://www.ytn.co.kr/_ln/0103_202605271632268533,https://n.news.naver.com/mnews/article/052/0002358637?sid=102,"Wed, 27 May 2026 16:32:00 +0900",2026-05-29 23:54:16
삼성서울병원,삼성서울병원,"""다음 생엔 부디 아프지 마""…3명에게 생명 주고 떠난 9개월 아기 천사","오늘(27일) 한국장기조직기증원에 따르면, 지난 1일 삼성서울병원에서 생후 9개월 된 장소민 양이 뇌사 장기기증으로 간과 신장, 소장을 기증했습니다. 소민이는 4월 19일 몸에서 열이 나기 시작한 뒤 증세가 악화했습니다.... ",http://www.yonhapnewstv.co.kr/news/AKR20260527162414o0s,https://n.news.naver.com/mnews/article/422/0000868890?sid=102,"Wed, 27 May 2026 16:25:00 +0900",2026-05-29 23:54:16
삼성서울병원,삼성서울병원,‘빅5’ 병원 앱 평점 비교… 서울성모 최고·세브란스 최저,"27일 본지가 삼성서울병원·서울대학교병원·서울성모병원·서울아산병원·세브란스병원 등 수도권 빅5 병원 모바일 앱을 조사한 결과, 병원별 다운로드 규모·사용자 만족도·업데이트 현황·리뷰 대응 수준 등 디지털... ",https://health.chosun.com/site/data/html_dir/2026/05/27/2026052703197.html,https://n.news.naver.com/mnews/article/346/0000110460?sid=103,"Wed, 27 May 2026 16:18:00 +0900",2026-05-29 23:54:16
삼성서울병원,삼성서울병원,"월드옥타·연세미래체크업 종합검진센터, 한인 경제인 건강관리 지원 M...","서울대병원, 삼성서울병원, 중앙대학교병원, 서울아산병원 등 주요 의료기관과도 협력병원 체계를 구축하고 있다. 박종범 회장은 “세계에서 활동하는 월드옥타 회원들은 각국 현장에서 대한민국 경제영토를 넓히고 있는... ",https://biz.chosun.com/topics/topics_social/2026/05/27/ZHY7UAUKT5DDBF3BOAQBVA4DSY/?utm_source=naver&utm_medium=original&utm_campaign=biz,https://n.news.naver.com/mnews/article/366/0001167489?sid=102,"Wed, 27 May 2026 16:13:00 +0900",2026-05-29 23:54:16
삼성서울병원,삼성서울병원,[병원계 소식] 5월 27일,"한편, 이번 연구는 암생존자헬스케어연구사업의 일환(RS-2023-CC139201)으로 국립암센터가 주관하고 삼성서울병원, 세브란스병원, 한양대 구리병원, 계명대 동산병원 5개 기관이 공동으로 진행하는 '유전성 암 환자 및 가족... ",http://www.doctorstimes.com/news/articleView.html?idxno=238245,http://www.doctorstimes.com/news/articleView.html?idxno=238245,"Wed, 27 May 2026 16:10:00 +0900",2026-05-29 23:54:16
삼성서울병원,삼성서울병원,"셀바스AI, '셀바스 메디보이스' 전 진료과 확대 적용… GS인증 1등급 획...","회사는 그동안 삼성서울병원, 부산백병원 등 주요 상급종합병원과 AI 스마트병원 공동 개발을 진행해왔다. 이를 바탕으로 셀바스 메디보이스는 외래 진료뿐 아니라 응급실, 수술실, 병동 등 병원 전반으로 적용... ",http://www.bokuennews.com/news/article.html?no=278823,http://www.bokuennews.com/news/article.html?no=278823,"Wed, 27 May 2026 16:00:00 +0900",2026-05-29 23:54:16
삼성서울병원,삼성서울병원,"생후 9개월 장소민 양, 장기 기증으로 3명 살리고 하늘로",한국장기조직기증원은 지난 1일 삼성서울병원에서 생후 9개월 된 장소민 양이 뇌사 장기기증을 통해 3명에게 장기를 기증하고 숨을 거뒀다고 27일 밝혔다. 장 양은 지난 4월 19일 처음 고열 증세를 보여 인근 소아과에서... ,https://www.mk.co.kr/article/12058871,https://n.news.naver.com/mnews/article/009/0005685710?sid=105,"Wed, 27 May 2026 15:59:00 +0900",2026-05-29 23:54:16
삼성서울병원,삼성서울병원,"전 세계 한인 경제인 건강 챙긴다…월드옥타, 연세미래체크업과 MOU","세브란스병원과 강남세브란스병원, 용인세브란스병원 등과 특별 진료 전달체계를 구축하고 있고, 서울대병원·삼성서울병원·서울아산병원·중앙대병원 등 주요 의료기관과도 협력 체계를 운영하고 있다.",https://www.hankyung.com/article/202605272075i,https://n.news.naver.com/mnews/article/015/0005291836?sid=101,"Wed, 27 May 2026 15:41:00 +0900",2026-05-29 23:54:16
삼성서울병원,삼성서울병원,"""내 미래 관절 건강, AI가 예측한다""…GC녹십자, 세계 최초 '혈우병 관절...","GC녹십자(대표 허은철)는 한국혈우재단, 서울대학교 약학대학, 삼성서울병원과 공동으로 보건복지부가 주관하는 '첨단바이오 융합인재 양성 사업' 과제에 선정되어, 세계 최초의 'AI 기반 혈우병 관절병증 예측... ",http://www.hemophilia.co.kr/news/articleView.html?idxno=42312,http://www.hemophilia.co.kr/news/articleView.html?idxno=42312,"Wed, 27 May 2026 14:56:00 +0900",2026-05-29 23:54:16
삼성서울병원,삼성서울병원,“더 많이 안아줄 걸…” 생후 9개월 소민이의 마지막 나눔[아살세],"27일 한국장기조직기증원에 따르면 장소민양은 지난 1일 삼성서울병원에서 뇌사 장기기증을 통해 간과 신장, 소장을 기증했다. 소민양은 지난달 19일 갑작스러운 고열 증세를 보였다. 가족은 소아과를 찾아 약을... ",https://www.kmib.co.kr/article/view.asp?arcid=0029880374&code=61121111&cp=nv,https://n.news.naver.com/mnews/article/005/0001851362?sid=102,"Wed, 27 May 2026 14:50:00 +0900",2026-05-29 23:54:16
삼성서울병원,삼성서울병원,첫돌 앞두고 떠난 9개월 아기…장기기증으로 3명에 새 생명,"한국장기조직기증원은 27일 생후 9개월 된 장소민 양이 지난 5월 1일 삼성서울병원에서 뇌사 장기기증으로 간과 신장, 소장을 기증하고 세상을 떠났다고 밝혔다. 소민 양은 지난 4월 19일 발열 증세로 소아과 진료를... ",https://biz.chosun.com/topics/topics_social/2026/05/27/QOSHV55CPBCBLE7YL4Q7UZ6VWI/?utm_source=naver&utm_medium=original&utm_campaign=biz,https://n.news.naver.com/mnews/article/366/0001167425?sid=102,"Wed, 27 May 2026 14:35:00 +0900",2026-05-29 23:54:16
삼성서울병원,삼성서울병원,“뱃속보다 더 짧았던 9개월의 생”…세 아이 살리고 하늘로 떠난 소민...,한국장기조직기증원은 지난 5월 1일 삼성서울병원에서 생후 9개월 된 장소민 양이 뇌사 장기기증으로 3명의 환자에게 생명을 나누고 세상을 떠났다고 27일 밝혔다. 지난해 7월 2.5㎏의 작은 몸으로 태어난 소민이는 9개월이... ,https://www.seoul.co.kr/news/society/2026/05/27/20260527500160?wlog_tag3=naver,https://n.news.naver.com/mnews/article/081/0003647307?sid=102,"Wed, 27 May 2026 14:19:00 +0900",2026-05-29 23:54:16
삼성서울병원,삼성서울병원,"첫돌 두 달 앞두고 떠난 천사... 생후 9개월 아기, 장기기증으로 3명의 ...",생후 9개월 된 영아가 세균성 뇌수막염으로 뇌사 상태에 빠진 후 장기기증을 통해 3명의 환자에게 새 생명을 나누고 하늘의 별이 됐다.27일 한국장기조직기증원에 따르면 지난 1일 삼성서울병원에서 생후 9개월 장소민 양이... ,https://www.insight.co.kr/news/555741,https://www.insight.co.kr/news/555741,"Wed, 27 May 2026 14:00:00 +0900",2026-05-29 23:54:16
삼성서울병원,삼성서울병원,수서역 인근 배수관 작업 중 매몰…심정지 1명 병원 이송,소방당국에 따르면 공사장 인부 A 씨는 이날 서울 강남구 수서역 인근 아파트에서 배수관로 공사를 진행하던 중 토사에 깔려 심정지 상태로 삼성서울병원에 이송됐다. 총 3명이 현장에서 매몰됐지만 A 씨를 제외한... ,https://www.news1.kr/society/incident-accident/6178972,https://n.news.naver.com/mnews/article/421/0008968745?sid=102,"Wed, 27 May 2026 13:59:00 +0900",2026-05-29 23:54:16
삼성서울병원,삼성서울병원,9개월 아기천사의 마지막… 3명에 장기기증하고 떠났다,"27일 한국장기조직기증원에 따르면 장소민양은 이달 1일 삼성서울병원에서 뇌사 장기 기증으로 간과 신장, 소장을 기증했다. 소민이는 지난 4월 19일 몸에서 열이 나 소아과에서 약을 처방받았다. 그러나 열은 며칠 동안... ",https://www.chosun.com/national/national_general/2026/05/27/DE3P3WVDUNAWDJ5HTV2Y62SCGM/?utm_source=naver&utm_medium=referral&utm_campaign=naver-news,https://n.news.naver.com/mnews/article/023/0003978714?sid=102,"Wed, 27 May 2026 13:56:00 +0900",2026-05-29 23:54:16
삼성서울병원,삼성서울병원,“엄마 뱃속보다 짧은 생”…3명 살리고 떠난 9개월 ‘아기 천사’,"27일 한국장기조직기증원은 지난 1일 삼성서울병원에서 생후 9개월 된 장소민양이 뇌사 장기기증으로 간과 신장, 소장을 기증했다고 밝혔다. 지난해 7월 태어난 소민양은 지난달 19일 열이 나기 시작해 소아과에서 약을... ",https://www.hani.co.kr/arti/society/society_general/1260601.html,https://n.news.naver.com/mnews/article/028/0002806901?sid=102,"Wed, 27 May 2026 13:50:00 +0900",2026-05-29 23:54:16
삼성서울병원,삼성서울병원,"“다음 생엔 아프지말고 건강하렴”…생후 9개월 아기 천사, 3명에 장기...","27일 한국장기조직기증원에 따르면 지난 1일 삼성서울병원에서 장소민 양이 뇌사 장기기증으로 간과 신장, 소장을 기증했다. 소민이는 지난달 19일 열이 나 소아과에서 약을 처방받았지만, 수일간 차도를 보이지 않았다.... ",https://www.dt.co.kr/article/12064493?ref=naver,https://n.news.naver.com/mnews/article/029/0003028699?sid=102,"Wed, 27 May 2026 12:53:00 +0900",2026-05-29 23:54:16
서울성모병원,서울성모병원,"[5월 29일 병원계 이모저모②]강원대, 서울성모, 서울시 장애인치과병원...",◆서울성모병원 비뇨의학과‘발 다한증’단일공 로봇수술 성공 서울성모병원 비뇨의학과 방석환 교수팀이 지난 18일 다빈치 SP(Single Port) 단일공 로봇을 활용한 후복막 접근 요추 교감신경절제술(Lumbar Sympathectomy)로 발... ,https://medicalworldnews.co.kr/news/view.php?idx=1510974973,https://medicalworldnews.co.kr/news/view.php?idx=1510974973,"Fri, 29 May 2026 23:10:00 +0900",2026-05-29 23:54:18
서울성모병원,서울성모병원,"[6·3 지방선거] 김대영 국힘 안양시장 후보, 서소문 고가차도 붕괴사고...",사진=김대영후보선거사무실 김대영 국민의힘 안양시장 후보는 지난 28일 서울성모병원 장례식장에 마련된 서소문 고가차도 붕괴사고 희생자 빈소를 찾아 고인의 명복을 빌고 유가족을 위로했다. 빈소를 방문해 조문한 김... ,https://www.joongboo.com/news/articleView.html?idxno=363727290,https://www.joongboo.com/news/articleView.html?idxno=363727290,"Fri, 29 May 2026 17:42:00 +0900",2026-05-29 23:54:18
서울성모병원,서울성모병원,"[6·3안양]김대영 ""정체된 도시, 시민과 함께 다시 뛰게 할 것""",앞서 김 후보는 지난 28일 서울성모병원 장례식장에 마련된 서소문 고가차도 붕괴사고 희생자 빈소를 찾아 고인의 명복을 빌고 유가족을 위로했다. 이번 사고로 6명의 사상자가 난 가운데 희생자 가운데 한 명은 안양시민인... ,https://www.newsis.com/view/NISX20260529_0003649656,https://n.news.naver.com/mnews/article/003/0013976577?sid=102,"Fri, 29 May 2026 17:36:00 +0900",2026-05-29 23:54:18
서울성모병원,서울성모병원,"가톨릭대 서울성모병원, 단일공 로봇으로 발 다한증 수술 국내 첫 성공",가톨릭대학교 서울성모병원 비뇨의학과 방석환 교수팀은 최근 다빈치 SP(Single Port) 단일공 로봇을 활용한 후복막 접근 요추 교감신경절제술(Lumbar Sympathectomy)로 발 다한증 치료에 국내 처음으로 성공했다. 다한증은 손... ,https://www.edaily.co.kr/news/newspath.asp?newsid=05592406645453840,https://n.news.naver.com/mnews/article/018/0006293499?sid=102,"Fri, 29 May 2026 17:04:00 +0900",2026-05-29 23:54:18
서울성모병원,서울성모병원,"'착한의사' 비바이노베이션, 정부 GPU 지원사업 선정","지난 2년간 정부의 고성능컴퓨팅 지원사업을 통해 자체 의료 도메인 파운데이션 모델 'Dr.Patch 1.0'을 개발해 온 바 있는 비바이노베이션은 서울대학교병원, 고려대학교 안암병원, 서울성모병원 등 국내... ",https://www.kdpress.co.kr/news/articleView.html?idxno=205711,https://www.kdpress.co.kr/news/articleView.html?idxno=205711,"Fri, 29 May 2026 16:32:00 +0900",2026-05-29 23:54:18
서울성모병원,서울성모병원,“신발 벗기 무섭다” 여름철 더 괴로운 ‘다한증’…배 안 열고 수술[...,"서울성모병원은 방석환 비뇨의학과 교수팀이 국내 최초로 발 다한증을 단일공 로봇수술로 치료하는 데 성공했다고 29일 밝혔다. 다한증은 손, 겨드랑이, 발 등에 땀이 과도하게 분비되는 질환이다. 그중 발바닥에... ",https://www.sedaily.com/article/20049816?ref=naver,https://n.news.naver.com/mnews/article/011/0004625873?sid=103,"Fri, 29 May 2026 16:24:00 +0900",2026-05-29 23:54:18
서울성모병원,서울성모병원,중장년 남성 건강관리도 맞춤형으로···정관장 'RXGIN' 라인업 확대,"김세웅 서울성모병원 비뇨의학과 교수 연구팀과 KGC R&D본부가 공동 진행한 연구에서 홍삼오일의 전립선 건강 개선 효과를 확인했다. 연구는 무작위·이중눈가림·위약대조 방식으로 진행했으며, 중등도... ",https://www.agrinet.co.kr/news/articleView.html?idxno=404578,https://www.agrinet.co.kr/news/articleView.html?idxno=404578,"Fri, 29 May 2026 16:22:00 +0900",2026-05-29 23:54:18
서울성모병원,서울성모병원,"정관장, ‘RXGIN 홍천웅·홍삼오일’로 남성 건강 라인업 강화","김세웅 서울성모병원 비뇨의학과 교수 연구팀과 KGC R&D본부가 공동 진행한 연구도 있다. 해당 연구는 무작위·이중눈가림·위약대조 방식으로 진행됐으며, 중등도 하부요로증상을 가진 남성 88명을 대상으로 12주간... ",https://biz.chosun.com/industry/business_info/2026/05/29/IPMQVONKN5EYDAMQK6KOCA573I/?utm_source=naver&utm_medium=original&utm_campaign=biz,https://n.news.naver.com/mnews/article/366/0001168017?sid=101,"Fri, 29 May 2026 14:50:00 +0900",2026-05-29 23:54:18
서울성모병원,서울성모병원,"김대영 안양시장 후보, 서울 서소문 고가차도 붕괴사고 희생자 빈소 조...","기호일보, KIHOILBO 국민의힘 김대영 안양시장 후보가 서울성모병원 장례식장에 마련된 서울 서소문 고가차도 붕괴사고 희생자 빈소를 찾아 위로했다.<김대영 후보 제공> 국민의힘 김대영 안양시장 후보 선거캠프는... ",https://www.kihoilbo.co.kr/news/articleView.html?idxno=3024420,https://www.kihoilbo.co.kr/news/articleView.html?idxno=3024420,"Fri, 29 May 2026 14:02:00 +0900",2026-05-29 23:54:18
서울성모병원,서울성모병원,"㈜비바이노베이션, 정부 GPU 지원사업 선정…건강검진 도메인 특화 파운...","이와 함께 서울대학교병원, 고려대학교 안암병원, 서울성모병원 등과의 공동 연구를 통해 의료 데이터를 임상 관점에서 해석하고 검증하는 경험도 축적해왔다고 밝혔다. 비바이노베이션은 지난 2년간 정부 지원을... ",http://www.sisunnews.co.kr/news/articleView.html?idxno=239532,http://www.sisunnews.co.kr/news/articleView.html?idxno=239532,"Fri, 29 May 2026 13:50:00 +0900",2026-05-29 23:54:18
서울성모병원,서울성모병원,"서울성모병원 비뇨의학과, '발 다한증' 단일공 로봇수술 성공",가톨릭대학교 서울성모병원은 비뇨의학과 방석환 교수팀이 지난 18일 다빈치 SP(Single Port) 단일공 로봇을 활용한 후복막 접근 요추 교감신경절제술(Lumbar Sympathectomy)로 발 다한증 치료에 국내 처음으로 성공했다고 29일... ,https://www.rapportian.com/news/articleView.html?idxno=236557,https://www.rapportian.com/news/articleView.html?idxno=236557,"Fri, 29 May 2026 13:50:00 +0900",2026-05-29 23:54:18
서울성모병원,서울성모병원,"비바이노베이션, 건강검진 특화 AI 'Dr.Patch 2.0' 출격···정부 고성능...","여기에 서울대학교병원, 고려대학교 안암병원, 서울성모병원 등 국내 상급종합병원과의 공동 R&D 경험도 더해졌다. 비바이노베이션은 의료기관과의 협업을 통해 자사 플랫폼에 축적된 검진 데이터를 임상적... ",https://www.enetnews.co.kr/news/articleView.html?idxno=50615,https://www.enetnews.co.kr/news/articleView.html?idxno=50615,"Fri, 29 May 2026 13:04:00 +0900",2026-05-29 23:54:18
서울성모병원,서울성모병원,서울성모 방석환 교수 단일공로봇술로 교감신경절제,가톨릭대 서울성모병원 비뇨의학과 방석환 교수팀이 5월 18일 다빈치 SP(Single Port) 단일공 로봇을 이용한 후복막 접근 요추 교감신경절제술(Lumbar Sympathectomy)로 발 다한증 치료에 국내 처음으로... ,http://www.medical-tribune.co.kr/news/articleView.html?idxno=214079,http://www.medical-tribune.co.kr/news/articleView.html?idxno=214079,"Fri, 29 May 2026 12:52:00 +0900",2026-05-29 23:54:18
서울성모병원,서울성모병원,"서울성모병원 방석환 교수팀, '발 다한증' 단일공 로봇수술 국내 첫 성...","""평소 발에 땀이 많아 신발을 벗어야 하는 장소는 갈 수 없었는데, 수술 후에는 땀이 나지 않고 흉터와 통증도 거의 없어 곧바로 일상생활에 복귀할 수 있었어요."" 가톨릭대학교 서울성모병원 비뇨의학과 방석환... ",https://www.sportschosun.com/life/2026-05-29/202605290100176880011821,https://n.news.naver.com/mnews/article/076/0004410234?sid=102,"Fri, 29 May 2026 12:05:00 +0900",2026-05-29 23:54:18
서울성모병원,서울성모병원,"서울성모병원, 로봇으로 ‘다한증’ 수술 국내 첫 성공",기존 치료법 효과기간 한계 돌파 가톨릭대학교 서울성모병원은 비뇨의학과 방석환(사진) 교수팀이 지난 18일 다빈치 SP(Single Port) 단일공 로봇을 활용한 후복막 접근 요추 교감신경절제술로 발 다한증 치료에 성공했다고... ,https://biz.heraldcorp.com/article/10758723?ref=naver,https://n.news.naver.com/mnews/article/016/0002649819?sid=101,"Fri, 29 May 2026 11:47:00 +0900",2026-05-29 23:54:18
서울성모병원,서울성모병원,"﻿서울성모병원, '발 다한증' 단일공 로봇수술 첫 성공",﻿﻿ 서울성모병원 비뇨의학과 방석환 교수.가톨릭대학교 서울성모병원 비뇨의학과 방석환 교수팀이 최근 다빈치SP 단일공 로봇을 활용해 국내 최초로 발 다한증 수술에 성공했다고 29일 밝혔다. 발 다한증은 요추 2~4번... ,https://www.dailymedi.com/news/news_view.php?wr_id=936904,https://www.dailymedi.com/news/news_view.php?wr_id=936904,"Fri, 29 May 2026 11:36:00 +0900",2026-05-29 23:54:18
서울성모병원,서울성모병원,"치료 까다로운 '발 다한증'…""국내 최초 로봇수술""",가톨릭대학교 서울성모병원은 방석환 교수팀(비뇨의학과)이 지난 18일 다빈치 SP 단일공 로봇을 활용한 후복막 접근 요추 교감신경절제술로 발 다한증 치료에 국내 처음으로 성공했다고 29일 밝혔다. 발 다한증은 기존에는... ,https://www.widedaily.com/news/articleView.html?idxno=294862,https://www.widedaily.com/news/articleView.html?idxno=294862,"Fri, 29 May 2026 11:18:00 +0900",2026-05-29 23:54:18
서울성모병원,서울성모병원,국내 최초 ‘발 다한증’ 단일공 로봇수술 성공,"가톨릭대 서울성모병원 비뇨의학과 팀은 5월 18일 다빈치 SP 단일공 로봇을 활용한 후복막 접근 요추 교감신경절제술로 발 다한증 치료에 국내 처음으로 성공했다고 밝혔다. 다한증은 손, 겨드랑이, 발 등에 땀이 과도하게... ",http://www.whosaeng.com/170944,http://www.whosaeng.com/170944,"Fri, 29 May 2026 11:16:00 +0900",2026-05-29 23:54:18
서울성모병원,서울성모병원,‘발 다한증’ 단일공 로봇수술 성공… “기존 치료법 한계 극복”,가톨릭대학교 서울성모병원은 비뇨의학과 방석환 교수팀은 다빈치 SP 단일공 로봇을 활용한 후복막 접근 요추 교감신경절제술(Lumbar Sympathectomy)로 발 다한증 치료에 국내 처음으로 성공했다고 29일 밝혔다. 다한증은 손... ,https://health.chosun.com/site/data/html_dir/2026/05/29/2026052900791.html,https://n.news.naver.com/mnews/article/346/0000110591?sid=103,"Fri, 29 May 2026 11:15:00 +0900",2026-05-29 23:54:18
서울성모병원,서울성모병원,"'발냄새·무좀 박멸 희소식'…서울성모병원, 발 다한증 '단일공 로봇수...","가톨릭대학교 서울성모병원이 국내 최초로 단일공 로봇을 활용한 발 다한증 수술에 성공했다. 발 다한증의 원인으로 알려진 요추 교감신경절을 후복막으로 접근해 절제하는 방식으로, 기존 수술의 한계로 꼽혔던 복막... ",https://www.dailian.co.kr/news/view/1650162/?sc=Naver,https://n.news.naver.com/mnews/article/119/0003095754?sid=103,"Fri, 29 May 2026 10:43:00 +0900",2026-05-29 23:54:18
서울성모병원,서울성모병원,"서울성모병원,  '발 다한증' 로봇수술 국내 최초 성공",국내 처음으로 로봇을 활용한 '발 다한증' 치료에 성공한 방석환 서울성모병원 비뇨의학과 교수가 27일 수술 후  환자의 경과를 확인하고 있다. 서울성모병원 제공. 가톨릭대학교 서울성모병원은 비뇨의학과 방석환... ,https://news.cpbc.co.kr/article/1173225?division=NAVER,https://news.cpbc.co.kr/article/1173225?division=NAVER,"Fri, 29 May 2026 09:44:00 +0900",2026-05-29 23:54:18
서울성모병원,서울성모병원,서울성모병원 '발다한증' 단일공 로봇수술 성공,서울성모병원이 단일공 로봇을 활용한 다한증 수술에 성공했다. 서울성모병원은 방석환 비뇨의학과 교수팀이 지난 18일 다빈치 SP(Single Port) 단일공 로봇을 활용한 후복막 접근 요추 교감신경절제술(Lumbar Sympathectomy)로... ,https://www.news1.kr/bio/welfare-medical/6181159,https://n.news.naver.com/mnews/article/421/0008972771?sid=105,"Fri, 29 May 2026 09:18:00 +0900",2026-05-29 23:54:18
서울성모병원,서울성모병원,'발 다한증'에 단일공 로봇 수술 첫 성공,방석환 가톨릭의대 교수팀(서울성모병원 비뇨의학과)은 지난 18일 20대 여성 발 다한증 환자에게 복막을 경유하지 않는 후복막 접근방식(Retroperitoneal Approach)으로 합병증 위험과 흉터·통증 등을 최소화한 수술을... ,http://www.doctorsnews.co.kr/news/articleView.html?idxno=164749,http://www.doctorsnews.co.kr/news/articleView.html?idxno=164749,"Fri, 29 May 2026 09:10:00 +0900",2026-05-29 23:54:18
서울성모병원,서울성모병원,"치매, 예방할 수 없다?…14가지 방법으로 치매 막을 수 있다!","서울성모병원 신경과 윤보라 교수는 '서울성모병원TV'에서 ""대부분의 치매는 유전되지 않는다. 퇴행성 치매 중 극히 일부만이 유전성치매에 해당한다. 예를 들어 상염색체 우성유전을 하는 가족형 알츠하이머치매는 PSEN1... ",https://www.koreahealthlog.com/news/articleView.html?idxno=57355,https://www.koreahealthlog.com/news/articleView.html?idxno=57355,"Fri, 29 May 2026 09:06:00 +0900",2026-05-29 23:54:18
서울성모병원,서울성모병원,"서울성모병원 비뇨의학과, ‘발 다한증’ 단일공 로봇수술 국내 첫 성공",기존 수술방식 한계 극복한 접근법 최소 침습 치료 가능성 확대 27일 서울성모병원 비뇨의학과 방석환 교수가수술 후 첫 외래에서 환자의 수술 후 경과를 확인하고 있다.[서울성모병원 제공] [헤럴드경제=김광우 기자]... ,https://biz.heraldcorp.com/article/10758388?ref=naver,https://n.news.naver.com/mnews/article/016/0002649587?sid=101,"Fri, 29 May 2026 08:41:00 +0900",2026-05-29 23:54:18
서울성모병원,서울성모병원,"서울성모병원, '발 다한증' 단일공 로봇수술 국내 첫 성공",서울성모병원이 단일공 로봇을 이용한 발 다한증 수술에 국내 처음으로 성공했다. 복막을 거치지 않는 후복막 접근 방식으로 절개 범위와 회복 부담을 줄이면서 새로운 최소침습 치료 가능성을 제시했다는 평가다.... ,https://view.asiae.co.kr/article/2026052908351244656,https://n.news.naver.com/mnews/article/277/0005769310?sid=103,"Fri, 29 May 2026 08:35:00 +0900",2026-05-29 23:54:18
서울성모병원,서울성모병원,"치료 까다로운 '발 다한증'…""국내 최초 로봇수술""",가톨릭대학교 서울성모병원은 방석환 교수팀(비뇨의학과)이 지난 18일 다빈치 SP 단일공 로봇을 활용한 후복막 접근 요추 교감신경절제술로 발 다한증 치료에 국내 처음으로 성공했다고 29일 밝혔다. 발 다한증은 기존에는... ,https://www.newsis.com/view/NISX20260529_0003648489,https://n.news.naver.com/mnews/article/003/0013974707?sid=102,"Fri, 29 May 2026 08:27:00 +0900",2026-05-29 23:54:18
서울성모병원,서울성모병원,"[병원단신]중앙대병원, 6월 21일 '제10회 감염질환 심포지엄' 개최 外 부...","◆서울성모병원 장기육 교수, 국책 과제 선정…심혈관 난치 치료 연구 착수 가톨릭대학교 서울성모병원 심뇌혈관병원 순환기내과 장기육 교수가 과학기술정보통신부의 2026년도 기초연구사업 리더연구자(유형A)에... ",https://www.getnews.co.kr/news/articleView.html?idxno=871166,https://www.getnews.co.kr/news/articleView.html?idxno=871166,"Fri, 29 May 2026 07:56:00 +0900",2026-05-29 23:54:18
서울성모병원,서울성모병원,"‘마약 노출 피해자, 낙인 대신 도움을’…변기환 강남구중독관리통합...","강남구보건소와 가톨릭대학교 서울성모병원의 위·수탁 협약으로 운영한다. 마약류, 알코올, 도박, 인터넷·스마트폰 중독의 예방과 치료, 재활을 지원한다. 센터를 이끄는 변 센터장은 서울성모병원 정신건강의학과... ",https://www.kukinews.com/article/view/kuk202605280101,https://www.kukinews.com/article/view/kuk202605280101,"Fri, 29 May 2026 06:06:00 +0900",2026-05-29 23:54:18
서울성모병원,서울성모병원,"‘니코틴 패치+금연 껌’, 적절히 쓰면 금연 성공률 27% 높아진다 [건강...",김대진 서울성모병원 정신건강의학과 교수는 “흡연자는 니코틴에 의해 뇌 보상회로가 변화된 상태”라며 “금연에 반복적으로 실패하는 건 의지가 약한 게 아니라 적절한 치료와 도움이 필요한 질환 상태이기... ,https://www.hani.co.kr/arti/hanihealth/pharm/1260944.html,https://n.news.naver.com/mnews/article/028/0002807217?sid=103,"Fri, 29 May 2026 05:02:00 +0900",2026-05-29 23:54:18
서울성모병원,서울성모병원,"""난치성 심혈관 질환 새 치료 전략 제시""… 서울성모병원 장기육 교수,...",▲서울성모병원 심뇌혈관병원 장기육 교수 가톨릭대학교 서울성모병원 심뇌혈관병원 장기육 교수가 과학기술정보통신부의 2026년도 기초연구사업 리더연구자(유형A)에 선정됐다고 28일 알려왔다.... ,http://www.thefirstmedia.net/news/articleView.html?idxno=200215,http://www.thefirstmedia.net/news/articleView.html?idxno=200215,"Fri, 29 May 2026 00:04:00 +0900",2026-05-29 23:54:18
서울성모병원,서울성모병원,위험한 30㎝ 틈도 마다안했다…안전진단 대부의 마지막,과거 고인과 함께 안전진단 현장을 다녔던 김 수석연구원은 서초구 서울성모병원에 마련된 고인의 빈소에서 조의를 표한 뒤 부의 봉투 겉면에 “기술·사회·인문(분야)에 대해 도란도란 얘기 나눴던 시간들. 진단에... ,https://www.joongang.co.kr/article/25432138,https://n.news.naver.com/mnews/article/025/0003526520?sid=102,"Fri, 29 May 2026 00:01:00 +0900",2026-05-29 23:54:18
서울성모병원,서울성모병원,[패트롤] 군포시-안양시-양평군-의왕시-하남시,안양=에너지경제신문 강근주기자 최대호 더불어민주당 안양시장 후보가 28일 서울성모병원 장례식장에 마련된 서소문 고가차도 붕괴 사고 희생자 빈소를 찾아 조문했다. 최대호 후보는 이날 오전 10시30분 계획된 유세... ,https://www.ekn.kr/web/view.php?key=20260528026498836,https://www.ekn.kr/web/view.php?key=20260528026498836,"Thu, 28 May 2026 22:42:00 +0900",2026-05-29 23:54:18
서울성모병원,서울성모병원,[2026 지선] 최대호 “희생자 중 안양시민”… 서소문 사고 빈소 조문,최 후보는 28일 오전 10시30분께 예정된 유세 일정을 취소하고 서울성모병원 장례식장에 마련된 빈소를 방문했다. 사고 희생자 가운데 안양시민 1명이 포함된 사실을 확인한 뒤 유가족을 위로했다. 조문을 마친 최 후보는... ,http://www.inews24.com/view/1972199,https://n.news.naver.com/mnews/article/031/0001031644?sid=102,"Thu, 28 May 2026 20:17:00 +0900",2026-05-29 23:54:18
서울성모병원,서울성모병원,"[6·3 지방선거] 최대호 안양시장 후보, 서소문 고가차도 붕괴 희생자 빈...",사진=최대호 후보 선거사무실 최대호 더불어민주당 안양시장 후보가 28일 서울성모병원 장례식장에 마련된 서소문 고가차도 붕괴사고 희생자 빈소를 찾아 조문했다. 최 후보는 이날 오전 유세일정 일부를 취소한 뒤 찾은... ,https://www.joongboo.com/news/articleView.html?idxno=363727212,https://www.joongboo.com/news/articleView.html?idxno=363727212,"Thu, 28 May 2026 18:56:00 +0900",2026-05-29 23:54:18
서울성모병원,서울성모병원,끼니 거르면 마음도 흔들린다…식사 패턴과 우울증의 관계,"태혜진 가톨릭대학교 서울성모병원 평생건강증진센터 교수(정신건강의학과) 연구팀은 한국 성인 2만여명의 데이터를 분석한 결과, 식사의 규칙성과 다양성이 우울 증상과 유의한 연관성을 보인다는 연구 결과를... ",http://www.mkhealth.co.kr/news/articleView.html?idxno=78747,http://www.mkhealth.co.kr/news/articleView.html?idxno=78747,"Thu, 28 May 2026 18:00:00 +0900",2026-05-29 23:54:18
서울성모병원,서울성모병원,"[푸드다이닝 트렌드] 옳곡, 헬시플레저 겨냥 '헤이즐넛 초코 스프레드'...",강남교보타워점과 센트럴시티점은 '이어줄 한끼'라는 이름으로 서울성모병원과 연계해 암 완치자 및 소아 병동 환우 가족을 매장으로 초대하는 활동을 3월에 이어 5월에도 이어갔다. 두 매장은 연간 10회 운영을 목표로... ,https://www.ibabynews.com/news/articleView.html?idxno=151665,https://www.ibabynews.com/news/articleView.html?idxno=151665,"Thu, 28 May 2026 17:34:00 +0900",2026-05-29 23:54:18
서울성모병원,서울성모병원,"장기육 서울성모병원 교수, 과기부 '기초연구 리더연구자' 선정",장기육 서울성모병원 심뇌혈관병원 교수(순환기내과)가 응용과학 분야에서 유일하게 과학기술정보통신부의 '기초연구사업 리더연구자'에 선정됐다. 서울성모병원은 지난 27일 장 교수가 과기부의 '2026년도... ,https://www.news1.kr/bio/welfare-medical/6180680,https://n.news.naver.com/mnews/article/421/0008971939?sid=105,"Thu, 28 May 2026 17:14:00 +0900",2026-05-29 23:54:18
서울성모병원,서울성모병원,“처짐 원인 파악하려 30㎝ 틈새 들어갔다” 안전진단 대부 별세,과거 고인과 함께 안전점검 현장을 다녔던 김 수석연구원은 서초구 서울성모병원에 마련된 고인의 빈소에서 조의를 표한 뒤 부의 봉투 겉면에 “기술·사회·인문(분야)에 대해 도란도란 얘기 나눴던 시간들. 진단에... ,https://www.joongang.co.kr/article/25432045,https://n.news.naver.com/mnews/article/025/0003526439?sid=102,"Thu, 28 May 2026 16:33:00 +0900",2026-05-29 23:54:18
서울성모병원,서울성모병원,"""TAVI 시술, 끝이 아니라 시작입니다! 서울성모병원 장기육 교수 TAVI팀이...",이번 방송에서는 TAVI 시술 후 주의해야 할 사항과 건강한 회복을 위한 관리법에 대해 서울성모병원 순환기내과 장기육 교수와 권지연 간호사가 자세히 설명해드립니다. 실시간으로 궁금증을 해결해보세요! #TAVI... ,http://aftertherain.kr/sub/contents/view.php?seq=97097,http://aftertherain.kr/sub/contents/view.php?seq=97097,"Thu, 28 May 2026 16:32:00 +0900",2026-05-29 23:54:18
서울성모병원,서울성모병원,"대우건설 '써밋 더힐', 1순위 해당지역 청약 32.51대1…전 타입 마감",중앙대학교병원과 가톨릭대학교 서울성모병원 등 대형 의료시설도 가깝다. 교육 여건도 우수하다. 중앙대학교 사범대학 부속초등학교·부속중학교가 도보권에 있으며 흑석초·흑석고·중앙대·숭실대도 인근에... ,https://www.cstimes.com/news/articleView.html?idxno=707624,https://www.cstimes.com/news/articleView.html?idxno=707624,"Thu, 28 May 2026 16:22:00 +0900",2026-05-29 23:54:18
서울성모병원,서울성모병원,"CMC, 신장암 투석 예측·지연 AI 솔루션 개발…“수술 후 맞춤 관리로 시...","서울성모병원은 8월부터 실증사업을 시작하고, 내년 하반기 중 정식 서비스 출시할 예정이다. 초기 신장암 수술 환자를 대상으로 시스템을 고도화한 후 신장 기능 약화가 우려되는 잠재 환자군 전체로 적용 범위를... ",https://www.etnews.com/20260528000340,https://n.news.naver.com/mnews/article/030/0003432374?sid=102,"Thu, 28 May 2026 16:01:00 +0900",2026-05-29 23:54:18
서울성모병원,서울성모병원,"최대호 안양시장 후보, 서소문 사고 희생자 조문…“더 안전한 안양 만...",최 후보는 28일 오전 예정되어 있던 선거 유세 일정을 전면 취소하고 서울성모병원 장례식장에 마련된 합동분향소를 찾아 조문했다. 이 자리에서 최 후보는 “그 어떤 가치보다 시민의 생명과 안전을 지키는 것이 행정의... ,https://www.kyeonggi.com/article/20260528580358,https://n.news.naver.com/mnews/article/666/0000108959?sid=100,"Thu, 28 May 2026 15:40:00 +0900",2026-05-29 23:54:18
서울성모병원,서울성모병원,"[6·3안양]최대호, 서소문 사고 희생자 조문…""안전 최우선""",더불어민주당 최대호 경기 안양시장 후보가 28일 오전 예정된 공식 선거 유세를 전격 취소하고 서울성모병원 장례식장에 마련된 서소문 고가차도 붕괴사고 희생자 빈소를 찾아 조문했다. 이번 사고 희생자 가운데 한 명이... ,https://www.newsis.com/view/NISX20260528_0003647716,https://n.news.naver.com/mnews/article/003/0013973643?sid=102,"Thu, 28 May 2026 15:36:00 +0900",2026-05-29 23:54:18
서울성모병원,서울성모병원,"최대호 안양시장 후보, 서소문 고가차도 붕괴사고 희생자 조문","더불어민주당 최대호 안양시장 후보가 28일 서울성모병원 장례식장에 마련된 서소문 고가차도 붕괴사고 희생자 빈소를 찾아 조문했다. 이날 오전 최 후보는 예정된 유세 일정을 취소한 뒤 빈소를 방문해 ""시민 안전은... ",https://www.nocutnews.co.kr/news/6524185?utm_source=naver&utm_medium=article&utm_campaign=20260528031832,https://n.news.naver.com/mnews/article/079/0004151723?sid=102,"Thu, 28 May 2026 15:19:00 +0900",2026-05-29 23:54:18
서울성모병원,서울성모병원,"최대호 “서소문 희생자 한 분은 안양시민, 이런 비극 없도록 안전한 안...",최대호 더불어민주당 안양시장 후보가 28일 서울성모병원 장례식장에 마련된 서소문 고가차도 붕괴 사고 희생자 빈소를 찾아 조문했다. 최 후보는 이날 오전 10시 30분쯤 계획된 유세 일정을 취소한 뒤 찾은 빈소에서... ,https://www.seoul.co.kr/news/politics/local-election2026/2026/05/28/20260528500141?wlog_tag3=naver,https://n.news.naver.com/mnews/article/081/0003647670?sid=100,"Thu, 28 May 2026 14:59:00 +0900",2026-05-29 23:54:18
서울성모병원,서울성모병원,"한국생명존중희망재단,  올해 생명위기대응센터 98곳으로 확대","서울성모병원을 비롯해 의정부성모병원, 은평성모병원은 사례관리자 3인 체계, 여의도성모병원은 2인 체계로 주 5일 운영되고 있다. 주말과 야간을 포함한 주 7일 24시간 응급 체계를 가동 중인 의료기관은... ",https://news.cpbc.co.kr/article/1173210?division=NAVER,https://news.cpbc.co.kr/article/1173210?division=NAVER,"Thu, 28 May 2026 14:10:00 +0900",2026-05-29 23:54:18
서울성모병원,서울성모병원,"가톨릭대학교 서울성모병원 심뇌혈관병원 장기육 교수, 과기부 기초연구...",▲ 가톨릭대학교 서울성모병원 심뇌혈관병원 장기육 교수(순환기내과) (사진= 가톨릭대학교 서울성모병원 제공) 가톨릭대학교 서울성모병원 심뇌혈관병원 장기육 교수(순환기내과)가 과학기술정보통신부의... ,https://mdtoday.co.kr/news/view/1065586376120018,https://mdtoday.co.kr/news/view/1065586376120018,"Thu, 28 May 2026 13:18:00 +0900",2026-05-29 23:54:18
서울성모병원,서울성모병원,영유아 질식 '사망률 10%' 치명적…가장 큰 원인은 음식,"아이 입속 이물질이 보일 때만 손가락으로 조심스럽게 빼내고, 보이지 않으면 억지로 꺼내려 하지 않는다. ※도움말 = 가톨릭대학교 서울성모병원 소아응급실 (응급의학과) 배우리 교수",https://www.mt.co.kr/thebio/2026/05/28/2026052810312873585,https://n.news.naver.com/mnews/article/008/0005364024?sid=101,"Thu, 28 May 2026 12:00:00 +0900",2026-05-29 23:54:18
서울성모병원,서울성모병원,부고,"▶전상욱 씨 별세, 박갑순 씨 남편상, 전성수(서울 서초구청장)·성규·소영 씨 부친상, 김기홍 씨 장인상, 정현주·김연진 씨 시부상=27일, 서울성모병원, 발인 29일 오후 1시. 02-2258-5940 ▶강순옥 씨 별세... ",https://biz.heraldcorp.com/article/10757803?ref=naver,https://n.news.naver.com/mnews/article/016/0002649245?sid=102,"Thu, 28 May 2026 11:35:00 +0900",2026-05-29 23:54:18
서울성모병원,서울성모병원,"[부음] 전성수 부친, 오동헌 장인, 오광진 부친 외","△전상욱씨 별세, 박갑순 남편상, 전성수(서울 서초구청장 후보)·전성규·전소영 부친상, 김기홍 장인상, 정현주·김연진 시부상 = 27일, 서울 서초구 서울성모병원 장례식장 12호실, 발인 29일 오후 1시, (02)2258... ",https://www.businesspost.co.kr/BP?command=article_view&num=438773,https://www.businesspost.co.kr/BP?command=article_view&num=438773,"Thu, 28 May 2026 11:26:00 +0900",2026-05-29 23:54:18
서울성모병원,서울성모병원,[부고] 전성수(서울 서초구청장 후보)씨 부친상,"▲ 전상욱(향년 94세)씨 별세, 박갑순씨 남편상, 전성수(서울 서초구청장 후보)·전성규·전소영씨 부친상, 김기홍씨 장인상, 정현주·김연진씨 시부상 = 27일, 서울성모병원 장례식장 12호실, 발인 29일 오후 1시.... ",https://www.jeonmae.co.kr/news/articleView.html?idxno=1260266,https://www.jeonmae.co.kr/news/articleView.html?idxno=1260266,"Thu, 28 May 2026 11:22:00 +0900",2026-05-29 23:54:18
서울성모병원,서울성모병원,"서울성모병원 장기육 교수, 과기부 기초연구 리더연구자 선정",가톨릭대학교 서울성모병원은 심뇌혈관병원 장기육 교수(순환기내과)가 지난 27일 과학기술정보통신부(이하 과기부)의 2026년도 기초연구사업 리더연구자(유형A)에 선정됐다고 28일 밝혔다. 기초연구사업 리더연구는... ,https://www.rapportian.com/news/articleView.html?idxno=236496,https://www.rapportian.com/news/articleView.html?idxno=236496,"Thu, 28 May 2026 10:56:00 +0900",2026-05-29 23:54:18
서울성모병원,서울성모병원,[부고] 전성수(서울 서초구청장 후보)씨 부친상,"▲전상욱(향년 94세)씨 별세, 박갑순씨 남편상, 전성수(서울 서초구청장 후보)·전성규·전소영씨 부친상, 김기홍씨 장인상, 정현주·김연진씨 시부상 = 27일, 서울성모병원 장례식장 12호실, 발인 29일 오후 1시.... ",https://www.ziksir.com/news/articleView.html?idxno=135154,https://www.ziksir.com/news/articleView.html?idxno=135154,"Thu, 28 May 2026 10:42:00 +0900",2026-05-29 23:54:18
서울성모병원,서울성모병원,"장기육 가톨릭의대 교수, 과기부 리더연구자 선정",장기육 서울성모병원 순환기내과 교수 장기육 가톨릭의대 교수(서울성모병원 순환기내과)가 27일 과학기술정보통신부 기초연구사업 리더연구자(유형A)에 선정됐다. 해당 리더연구는 세계적 수준의 이공분야... ,http://www.doctorsnews.co.kr/news/articleView.html?idxno=164734,http://www.doctorsnews.co.kr/news/articleView.html?idxno=164734,"Thu, 28 May 2026 10:30:00 +0900",2026-05-29 23:54:18
서울성모병원,서울성모병원,"서울성모병원 장기육 교수, 72억 과기부 리더연구자 선정",가톨릭대학교 서울성모병원 심뇌혈관병원 장기육 교수 (순환기내과)가 지난 27일 과학기술정보통신부(이하 과기부)의 2026년도 기초연구사업 리더연구자(유형A)에 선정됐다.해당 리더연구는 세계적 수준의 이공분야... ,https://www.medicaltimes.com/Main/News/NewsView.html?ID=1168949&ref=naverpc,https://www.medicaltimes.com/Main/News/NewsView.html?ID=1168949&ref=naverpc,"Thu, 28 May 2026 10:20:00 +0900",2026-05-29 23:54:18
서울성모병원,서울성모병원,"대우건설 '써밋 더힐', '최고 78대 1 경쟁률' 1순위 해당지역 전 타입 마...","중앙대학교병원과 가톨릭대학교 서울성모병원 등 대형 의료시설도 위치해 있으며 단지 북측에는 한강이 도보권에 있고, 남측에는 현충근린공원과 서달산이 있다. 단지는 대우건설의 하이엔드 브랜드 '써밋'이... ",https://www.ziksir.com/news/articleView.html?idxno=135129,https://www.ziksir.com/news/articleView.html?idxno=135129,"Thu, 28 May 2026 10:16:00 +0900",2026-05-29 23:54:18
서울성모병원,서울성모병원,"'써밋 더힐', 평균 32.51 대 1로 1순위 해당지역 청약 마감","중앙대학교병원과 가톨릭대학교 서울성모병원 등 대형 의료시설도 가깝다. 아울러 중앙대학교 사범대학 부속초등학교와 부속중학교가 도보권에 위치하며, 서울은로초와 흑석초, 흑석고와도 가깝다. 국내 대표... ",https://www.asiatime.co.kr/article/20260528500099,https://www.asiatime.co.kr/article/20260528500099,"Thu, 28 May 2026 10:10:00 +0900",2026-05-29 23:54:18
서울성모병원,서울성모병원,돌연사 심혈관질환 원인 '이것'…새 치료법 연구,가톨릭대학교 서울성모병원이 전 세계 사망 원인 1위인 심혈관 질환의 주요 원인 중 하나인 '죽상동맥경화반 파열'에 대한 연구에 나선다. 죽상동맥경화반은 혈관 내벽에 지방·염증세포 등이 쌓여 형성되는 병변으로... ,https://www.widedaily.com/news/articleView.html?idxno=294734,https://www.widedaily.com/news/articleView.html?idxno=294734,"Thu, 28 May 2026 10:02:00 +0900",2026-05-29 23:54:18
서울성모병원,서울성모병원,[부고] 전성수(서울 서초구청장 후보)씨 부친상,"(향년 94세)씨 별세, 박갑순씨 남편상, 전성수(서울 서초구청장 후보)·전성규·전소영씨 부친상, 김기홍씨 장인상, 정현주·김연진씨 시부상 = 27일, 서울성모병원 장례식장 12호실, 발인 29일 오후 1시. (02)2258-5940",https://view.asiae.co.kr/article/2026052809575678133,https://n.news.naver.com/mnews/article/277/0005768772?sid=102,"Thu, 28 May 2026 09:57:00 +0900",2026-05-29 23:54:18
서울성모병원,서울성모병원,"'장기육 교수, 과기부 2026년도 기초연구사업 리더연구자 선정'",가톨릭대 서울성모병원 장기육 교수가 과기부 2026년도 기초연구사업 리더연구자(유형A)에 선정되어 9년간 최대 72억 원을 지원받는다. 연구 주제는 죽상동맥경화반 퇴행 유도 기반 난치성 심혈관 질환 치료 전략으로... ,https://www.edaily.co.kr/news/newspath.asp?newsid=03299686645453512,https://n.news.naver.com/mnews/article/018/0006292077?sid=102,"Thu, 28 May 2026 09:57:00 +0900",2026-05-29 23:54:18
서울성모병원,서울성모병원,"서울성모병원 장기육 교수, 72억 규모 국가 리더연구자 선정",장기육 가톨릭대학교 서울성모병원 심뇌혈관병원 교수(순환기내과)가 과학기술정보통신부의 ‘2026년도 기초연구사업 리더연구자(유형A)’에 선정됐다. 국내 최고 수준의 장기 기초연구 지원사업에 응용의학 분야... ,https://www.dailian.co.kr/news/view/1649586/?sc=Naver,https://n.news.naver.com/mnews/article/119/0003095217?sid=103,"Thu, 28 May 2026 09:53:00 +0900",2026-05-29 23:54:18
서울성모병원,서울성모병원,"""아침 굶었더니 유독 우울해"" 기분 탓 아니었다... 충격적인 이유",지난 27일 서울성모병원 평생건강증진센터 태혜진·채정호 정신건강의학과 교수 연구팀은 국내 성인 2만1568명의 데이터를 분석해 식사 패턴과 정신건강 사이의 밀접한 연관성을 밝혀냈다. 이번 연구 성과는 국제학술지... ,https://www.insight.co.kr/news/555859,https://www.insight.co.kr/news/555859,"Thu, 28 May 2026 09:46:00 +0900",2026-05-29 23:54:18
서울성모병원,서울성모병원,"서울성모병원 장기육 교수, 과기부 리더 연구자 선정",‘응용의학 유일’ 난치성 심혈관 치료…‘72억’ 규모 실제 환자 적용할 수 있는 치료 전략 개발 목표 서울성모병원 심뇌혈관병원 장기육 순환기내과 교수 [서울성모병원 제공] [헤럴드경제=고재우 기자] 서울성모병원... ,https://biz.heraldcorp.com/article/10757592?ref=naver,https://n.news.naver.com/mnews/article/016/0002649086?sid=105,"Thu, 28 May 2026 09:44:00 +0900",2026-05-29 23:54:18
서울성모병원,서울성모병원,"[동정] 장기육 교수, '응용의학 유일' 과기부 기초연구 리더연구자 선정",가톨릭대 서울성모병원 심뇌혈관병원 장기육 교수(순환기내과)가 27일 과학기술정보통신부(과기부) 2026년도 기초연구사업 리더연구자(유형A)에 선정됐다. 리더연구는 세계적 수준의 이공분야 연구자를 선정해 9년간 장기... ,https://www.monews.co.kr/news/articleView.html?idxno=411458,https://www.monews.co.kr/news/articleView.html?idxno=411458,"Thu, 28 May 2026 09:42:00 +0900",2026-05-29 23:54:18
서울성모병원,서울성모병원,돌연사 심혈관질환 원인 '이것'…새 치료법 연구,가톨릭대학교 서울성모병원이 전 세계 사망 원인 1위인 심혈관 질환의 주요 원인 중 하나인 '죽상동맥경화반 파열'에 대한 연구에 나선다. 죽상동맥경화반은 혈관 내벽에 지방·염증세포 등이 쌓여 형성되는 병변으로... ,https://www.newsis.com/view/NISX20260528_0003646926,https://n.news.naver.com/mnews/article/003/0013971921?sid=102,"Thu, 28 May 2026 09:40:00 +0900",2026-05-29 23:54:18
서울성모병원,서울성모병원,"서울성모병원 심뇌혈관병원 장기육 교수, 과기부 기초연구 리더연구자...",장기육 가톨릭대학교 서울성모병원 심뇌혈관병원 순환기내과 교수가 과학기술정보통신부의 2026년도 기초연구사업 리더연구자(유형A)에 선정됐다. 28일 서울성모병원에 따르면 해당 리더연구는 세계적 수준의... ,https://view.asiae.co.kr/article/2026052809321955838,https://n.news.naver.com/mnews/article/277/0005768731?sid=101,"Thu, 28 May 2026 09:32:00 +0900",2026-05-29 23:54:18
서울성모병원,서울성모병원,"서울성모병원 장기육 교수, '응용의학 유일' 과기부 기초연구 리더연구...",가톨릭대학교 서울성모병원 심뇌혈관병원 장기육 순환기내과 교수가 지난 27일 과학기술정보통신부(이하 과기부)의 2026년도 기초연구사업 리더연구자(유형A)에 선정됐다. 해당 리더연구는 세계적 수준의 이공분야... ,http://www.bokuennews.com/news/article.html?no=278880,http://www.bokuennews.com/news/article.html?no=278880,"Thu, 28 May 2026 09:28:00 +0900",2026-05-29 23:54:18
서울성모병원,서울성모병원,[부고] 전성수(서울 서초구청장 후보)씨 부친상,"△전상욱(향년 94세)씨 별세, 박갑순씨 남편상, 전성수(서울 서초구청장 후보)·전성규·전소영씨 부친상, 김기홍씨 장인상, 정현주·김연진씨 시부상 = 27일, 서울성모병원 장례식장 12호실, 발인 29일 오후 1시.... ",https://www.edaily.co.kr/news/newspath.asp?newsid=03181606645453512,https://n.news.naver.com/mnews/article/018/0006292044?sid=100,"Thu, 28 May 2026 09:28:00 +0900",2026-05-29 23:54:18
서울성모병원,서울성모병원,대장암 성질 파악하는 '3종 기본 유전자검사' 외 유전자검사 또 필요할...,"서울성모병원 종양내과 이명아 교수는 한국혈액암협회 유튜브 채널 'KBDCA'에서 ""대장암 표준치료로 쓰는 (세포독성)항암제 외에 표적치료제나 면역항암제는 유전자검사를 바탕으로 약제를 택하는 경우가 많다""며... ",https://www.koreahealthlog.com/news/articleView.html?idxno=57319,https://www.koreahealthlog.com/news/articleView.html?idxno=57319,"Thu, 28 May 2026 09:14:00 +0900",2026-05-29 23:54:18
서울성모병원,서울성모병원,"[단독] 온열질환 비상…응급실 환자, 5년간 3배 폭증","임지용 가톨릭대 서울성모병원 응급의학과 교수는 “폭염 속에서 고열과 구토, 의식 저하, 혼란, 이상 행동, 경련 등이 나타난다면 응급상황으로 판단하고 즉시 체온을 낮추면서 119 신고 또는 응급실 이송이... ",https://www.dailian.co.kr/news/view/1649454/?sc=Naver,https://n.news.naver.com/mnews/article/119/0003095176?sid=103,"Thu, 28 May 2026 09:13:00 +0900",2026-05-29 23:54:18
서울성모병원,서울성모병원,몸도 마음도 흔든다…불규칙한 ‘이것’ 우울 위험 1.5배 높여,"가톨릭대학교 서울성모병원 태혜진 평생건강증진센터 교수 연구팀과 채정호 정신건강의학과 교수 연구팀은 국내 성인 2만여명의 데이터를 분석한 결과, 식사 패턴의 규칙성과 다양성이 우울 증상과 밀접한 관련이... ",https://www.nongmin.com/article/20260527500297,https://n.news.naver.com/mnews/article/662/0000096129?sid=103,"Thu, 28 May 2026 09:01:00 +0900",2026-05-29 23:54:18
서울성모병원,서울성모병원,"""정년퇴직 앞둔 성실한 가장이었는데""... 생일 전날 서소문 사고로 숨진...",또 다른 희생자인 외부 전문가 50대 이씨의 빈소가 마련된 서초구 서울성모병원 장례식장도 깊은 슬픔에 잠겼다. 빈소 내부에서는 갑작스러운 비보에 흐느끼는 소리가 끊이지 않았다. 구조물 안전계의 권위자로 알려진... ,https://www.insight.co.kr/news/555839,https://www.insight.co.kr/news/555839,"Thu, 28 May 2026 08:22:00 +0900",2026-05-29 23:54:18
서울성모병원,서울성모병원,"""오늘이 생일인데…"" 기러기 아빠 덮친 비극, 서소문 사고 유족의 눈물","외부 전문가 이채규씨 빈소 찾은 문상객 ""어떻게 이런 사고가"" 또 다른 희생자인 외부 전문가 고(故) 이채규씨(64)의 빈소가 마련된 서울 서초구 서울성모병원 장례식장 역시 눈물바다였다. 이씨는 국내 건설 구조물 안전... ",http://www.fnnews.com/news/202605280709084799,https://n.news.naver.com/mnews/article/014/0005527350?sid=102,"Thu, 28 May 2026 07:31:00 +0900",2026-05-29 23:54:18
서울성모병원,서울성모병원,식사시간도 정신건강에 영향…아침 거르면 우울증 위험 높아진다,27일 서울성모병원에 따르면 태혜진 평생건강증진센터 정신건강의학과 교수와 채정호 정신건강의학과 교수 연구팀은 이같은 연구 결과를 국제학술지 ‘정동장애저널(Journal of Affective Disorders)’을 통해 공개했다.... ,https://www.segye.com/newsView/20260527512873?OutUrl=naver,https://n.news.naver.com/mnews/article/022/0004131222?sid=103,"Thu, 28 May 2026 07:07:00 +0900",2026-05-29 23:54:18
서울성모병원,서울성모병원,"""안전진단 권위자 박사님이 어쩌다""…서소문 사고 빈소 눈물바다",김 씨는 어제(27일) 서초구 서울성모병원에 마련된 이 씨의 빈소를 찾아 업계의 '큰 별'이자 존경하는 선배였던 고인을 추모했습니다. 각별한 마음에 조의금 봉투에 편지를 남기기도 했습니다. 고인은 구조물 안전계의... ,https://news.sbs.co.kr/news/endPage.do?news_id=N1008582374&plink=ORI&cooper=NAVER,https://n.news.naver.com/mnews/article/055/0001359663?sid=102,"Thu, 28 May 2026 07:04:00 +0900",2026-05-29 23:54:18
서울성모병원,서울성모병원,[더벨][thebell interview | 제약바이오 R&D 인사이더스] 팜젠 R&BD위원회...,"전 위원장은 서울성모병원 신경외과 교수 출신으로 지난해 팜젠그룹에 합류한 기술 사업화 전문가다. 박 부회장은 팜젠사이언스 단독 대표를 맡고 있다. 박 부회장은 ""연구개발을 추진하는 것도 중요하지만 이를... ",https://www.thebell.co.kr/free/content/ArticleView.asp?key=202605221050080280105638,https://www.thebell.co.kr/free/content/ArticleView.asp?key=202605221050080280105638,"Thu, 28 May 2026 07:02:00 +0900",2026-05-29 23:54:18
서울성모병원,서울성모병원,"한독, 불면증 치료 '병원 공략' 속도…전담조직 신설","세브란스병원과 서울성모병원 등 종합병원 20여 곳을 포함해 관련 클리닉 100여 곳에 슬립큐 처방 시스템 등록을 마쳤고, 60여 곳 수준이던 클리닉 도입 규모가 단기간에 두 배 가까이 늘어났다. 처방 이후 환자 사용을... ",https://www.dailymedi.com/news/news_view.php?wr_id=936843,https://www.dailymedi.com/news/news_view.php?wr_id=936843,"Thu, 28 May 2026 06:04:00 +0900",2026-05-29 23:54:18
서울성모병원,서울성모병원,"""오늘이 생일, 올해가 정년이었는데""…서소문 사고 빈소는 눈물바다",또 다른 희생자인 외부 전문가 50대 이 씨의 빈소가 마련된 서초구 서울성모병원 장례식장도 슬픔으로 가득 차 있었습니다. 빈소 내부에서는 갑작스러운 비보에 흐느끼는 소리가 연신 들려왔습니다. 고인은 구조물... ,https://news.sbs.co.kr/news/endPage.do?news_id=N1008582373&plink=ORI&cooper=NAVER,https://n.news.naver.com/mnews/article/055/0001359636?sid=102,"Thu, 28 May 2026 05:56:00 +0900",2026-05-29 23:54:18
서울성모병원,서울성모병원,"“올해도 금연 실패, 난 정말 글렀어”…‘의지’ 문제 아닌 ‘이것’ ...","니코틴, 도파민 분비 촉진해 뇌 보상회로 변형 26일 의료계에 따르면 김대진 가톨릭대학교 서울성모병원 정신건강의학과 교수는 흡연을 단순한 생활습관이 아니라 뇌 보상회로 변화와 연결된 니코틴 의존질환으로... ",https://www.sedaily.com/article/20049007?ref=naver,https://n.news.naver.com/mnews/article/011/0004625174?sid=103,"Thu, 28 May 2026 05:11:00 +0900",2026-05-29 23:54:18
서울성모병원,서울성모병원,혁신신약 개발 교두보 마련하고 글로벌 시장 ‘정조준’ [건강한겨레],"2024년에는 미국 보스턴에 글로벌 연구개발의 거점이 될 미국법인 ‘시케이디 유에스에이’(CKD USA)를 설립했으며, 2022년 서울성모병원에 유전자치료제 연구센터 ‘젠투시’(Gen2C)를 개설해 희귀·난치성 치료제를... ",https://www.hani.co.kr/arti/hanihealth/pharm/1260720.html,https://n.news.naver.com/mnews/article/028/0002807011?sid=103,"Thu, 28 May 2026 05:02:00 +0900",2026-05-29 23:54:18
서울성모병원,서울성모병원,늘 하던 일인데 숨이 턱…AI 과부하에 ‘현타’ 온 직장인들 [팩플],https://www.joongang.co.kr/article/25421677 개발자 답답해 직접 만들었다…현직 의사의 AI ‘만능 활용법’ 과거엔 논문에 쓸 자료 분석을 위해 외부 개발자까지 고용했던 한지원 서울성모병원 소화기내과 교수. 이젠 직접... ,https://www.joongang.co.kr/article/25431870,https://n.news.naver.com/mnews/article/025/0003526290?sid=105,"Thu, 28 May 2026 05:00:00 +0900",2026-05-29 23:54:18
서울성모병원,서울성모병원,서소문 고가 붕괴 ‘지지대 설치’ 지침 안 지켰다,"자주 연락을 드렸는데, 그것 때문에 아버지가 괜히 무리하게 일하다가 다친 것 같다”고 탄식했다. 서울 서초구 서울성모병원 장례식장에는 당시 외부 전문가로서 안전진단에 참여한 구조기술사 이모 씨의 빈소가 마련됐다.",https://www.donga.com/news/Society/article/all/20260528/134006177/2,https://n.news.naver.com/mnews/article/020/0003722818?sid=102,"Thu, 28 May 2026 04:36:00 +0900",2026-05-29 23:54:18
서울성모병원,서울성모병원,[부고]강순옥 별세 外,"발인 29일 오전 6시 반 031-902-4444 ◇전상욱 씨 별세·박갑순 씨 남편상·성수 서울 서초구청장 성규 소영 씨 부친상·김기홍 씨 장인상·정현주 김연진 씨 시부상=27일 서울성모병원, 발인 29일 오후 1시 02-2258-5940",https://www.donga.com/news/People/article/all/20260528/134005937/2,https://n.news.naver.com/mnews/article/020/0003722804?sid=102,"Thu, 28 May 2026 04:35:00 +0900",2026-05-29 23:54:18
서울성모병원,서울성모병원,"“부모 일찍 잃고 고생만 했는데, 생일 전날 왜…”",서울성모병원 장례식장에 차려진 구조 기술사 50대 이모씨 빈소에도 조문객 발길이 이어졌다. 한 지인은 “이씨는 아랫 직원을 시키기보다 직접 현장에 나갈 정도로 일에 대한 열정이 컸다”고 했다. 이씨는 26일 새벽... ,https://www.chosun.com/national/national_general/2026/05/28/ALIKFVFSWBD6DIXCZ3S27JHYHQ/?utm_source=naver&utm_medium=referral&utm_campaign=naver-news,https://n.news.naver.com/mnews/article/023/0003978830?sid=102,"Thu, 28 May 2026 00:48:00 +0900",2026-05-29 23:54:18
서울성모병원,서울성모병원,[부고] 김영옥씨 外,"별세, 이영호씨(한국배구연맹 사무국장) 부친상=26일 일산백병원, 발인 29일, 031-910-7444 ▶전상욱씨 별세, 전성수(서울 서초구청장 후보)·성규·소영씨 부친상, 27일 서울성모병원, 발인 29일, 2258-5940",https://www.joongang.co.kr/article/25431787,https://n.news.naver.com/mnews/article/025/0003526213?sid=102,"Thu, 28 May 2026 00:01:00 +0900",2026-05-29 23:54:18
